files_list,image_name,identity_name,enrolled,ethnicity
African_m.012mh_/m.012mh__0001.jpg/m.012mh__0001.jpg,m.012mh__0001,m.012mh__,enrolled,African
African_m.012mh_/m.012mh__0005.jpg/m.012mh__0005.jpg,m.012mh__0005,m.012mh__,enrolled,African
African_m.01c_3f/m.01c_3f_0002.jpg/m.01c_3f_0002.jpg,m.01c_3f_0002,m.01c_3f_,enrolled,African
African_m.01c_3f/m.01c_3f_0003.jpg/m.01c_3f_0003.jpg,m.01c_3f_0003,m.01c_3f_,enrolled,African
African_m.01jq08_/m.01jq08__0001.jpg/m.01jq08__0001.jpg,m.01jq08__0001,m.01jq08__,enrolled,African
African_m.01jq08_/m.01jq08__0003.jpg/m.01jq08__0003.jpg,m.01jq08__0003,m.01jq08__,enrolled,African
African_m.01jr5w/m.01jr5w_0001.jpg/m.01jr5w_0001.jpg,m.01jr5w_0001,m.01jr5w_,enrolled,African
African_m.01jr5w/m.01jr5w_0002.jpg/m.01jr5w_0002.jpg,m.01jr5w_0002,m.01jr5w_,enrolled,African
African_m.01mm508/m.01mm508_0002.jpg/m.01mm508_0002.jpg,m.01mm508_0002,m.01mm508_,enrolled,African
African_m.01mm508/m.01mm508_0003.jpg/m.01mm508_0003.jpg,m.01mm508_0003,m.01mm508_,enrolled,African
African_m.01nk6j7/m.01nk6j7_0001.jpg/m.01nk6j7_0001.jpg,m.01nk6j7_0001,m.01nk6j7_,enrolled,African
African_m.01nk6j7/m.01nk6j7_0002.jpg/m.01nk6j7_0002.jpg,m.01nk6j7_0002,m.01nk6j7_,enrolled,African
African_m.01pvn0z/m.01pvn0z_0001.jpg/m.01pvn0z_0001.jpg,m.01pvn0z_0001,m.01pvn0z_,enrolled,African
African_m.01pvn0z/m.01pvn0z_0005.jpg/m.01pvn0z_0005.jpg,m.01pvn0z_0005,m.01pvn0z_,enrolled,African
African_m.01q5qp8/m.01q5qp8_0002.jpg/m.01q5qp8_0002.jpg,m.01q5qp8_0002,m.01q5qp8_,enrolled,African
African_m.01q5qp8/m.01q5qp8_0003.jpg/m.01q5qp8_0003.jpg,m.01q5qp8_0003,m.01q5qp8_,enrolled,African
African_m.01rz7d/m.01rz7d_0001.jpg/m.01rz7d_0001.jpg,m.01rz7d_0001,m.01rz7d_,enrolled,African
African_m.01rz7d/m.01rz7d_0003.jpg/m.01rz7d_0003.jpg,m.01rz7d_0003,m.01rz7d_,enrolled,African
African_m.01sgd8/m.01sgd8_0002.jpg/m.01sgd8_0002.jpg,m.01sgd8_0002,m.01sgd8_,enrolled,African
African_m.01sgd8/m.01sgd8_0005.jpg/m.01sgd8_0005.jpg,m.01sgd8_0005,m.01sgd8_,enrolled,African
African_m.01svhqq/m.01svhqq_0001.jpg/m.01svhqq_0001.jpg,m.01svhqq_0001,m.01svhqq_,enrolled,African
African_m.01svhqq/m.01svhqq_0002.jpg/m.01svhqq_0002.jpg,m.01svhqq_0002,m.01svhqq_,enrolled,African
African_m.01vsmzh/m.01vsmzh_0002.jpg/m.01vsmzh_0002.jpg,m.01vsmzh_0002,m.01vsmzh_,enrolled,African
African_m.01vsmzh/m.01vsmzh_0003.jpg/m.01vsmzh_0003.jpg,m.01vsmzh_0003,m.01vsmzh_,enrolled,African
African_m.01vzx45/m.01vzx45_0002.jpg/m.01vzx45_0002.jpg,m.01vzx45_0002,m.01vzx45_,enrolled,African
African_m.01vzx45/m.01vzx45_0003.jpg/m.01vzx45_0003.jpg,m.01vzx45_0003,m.01vzx45_,enrolled,African
African_m.01wxply/m.01wxply_0002.jpg/m.01wxply_0002.jpg,m.01wxply_0002,m.01wxply_,enrolled,African
African_m.01wxply/m.01wxply_0006.jpg/m.01wxply_0006.jpg,m.01wxply_0006,m.01wxply_,enrolled,African
African_m.01y2hn/m.01y2hn_0001.jpg/m.01y2hn_0001.jpg,m.01y2hn_0001,m.01y2hn_,enrolled,African
African_m.01y2hn/m.01y2hn_0003.jpg/m.01y2hn_0003.jpg,m.01y2hn_0003,m.01y2hn_,enrolled,African
African_m.020cgm/m.020cgm_0002.jpg/m.020cgm_0002.jpg,m.020cgm_0002,m.020cgm_,enrolled,African
African_m.020cgm/m.020cgm_0003.jpg/m.020cgm_0003.jpg,m.020cgm_0003,m.020cgm_,enrolled,African
African_m.0273qwz/m.0273qwz_0001.jpg/m.0273qwz_0001.jpg,m.0273qwz_0001,m.0273qwz_,enrolled,African
African_m.0273qwz/m.0273qwz_0003.jpg/m.0273qwz_0003.jpg,m.0273qwz_0003,m.0273qwz_,enrolled,African
African_m.02pq9t0/m.02pq9t0_0001.jpg/m.02pq9t0_0001.jpg,m.02pq9t0_0001,m.02pq9t0_,enrolled,African
African_m.02pq9t0/m.02pq9t0_0005.jpg/m.02pq9t0_0005.jpg,m.02pq9t0_0005,m.02pq9t0_,enrolled,African
African_m.02qlvxk/m.02qlvxk_0001.jpg/m.02qlvxk_0001.jpg,m.02qlvxk_0001,m.02qlvxk_,enrolled,African
African_m.02qlvxk/m.02qlvxk_0003.jpg/m.02qlvxk_0003.jpg,m.02qlvxk_0003,m.02qlvxk_,enrolled,African
African_m.02qvybd/m.02qvybd_0002.jpg/m.02qvybd_0002.jpg,m.02qvybd_0002,m.02qvybd_,enrolled,African
African_m.02qvybd/m.02qvybd_0003.jpg/m.02qvybd_0003.jpg,m.02qvybd_0003,m.02qvybd_,enrolled,African
African_m.02r6dh5/m.02r6dh5_0002.jpg/m.02r6dh5_0002.jpg,m.02r6dh5_0002,m.02r6dh5_,enrolled,African
African_m.02r6dh5/m.02r6dh5_0004.jpg/m.02r6dh5_0004.jpg,m.02r6dh5_0004,m.02r6dh5_,enrolled,African
African_m.02rpwm7/m.02rpwm7_0001.jpg/m.02rpwm7_0001.jpg,m.02rpwm7_0001,m.02rpwm7_,enrolled,African
African_m.02rpwm7/m.02rpwm7_0003.jpg/m.02rpwm7_0003.jpg,m.02rpwm7_0003,m.02rpwm7_,enrolled,African
African_m.02tyzl/m.02tyzl_0001.jpg/m.02tyzl_0001.jpg,m.02tyzl_0001,m.02tyzl_,enrolled,African
African_m.02tyzl/m.02tyzl_0003.jpg/m.02tyzl_0003.jpg,m.02tyzl_0003,m.02tyzl_,enrolled,African
African_m.02vncfs/m.02vncfs_0002.jpg/m.02vncfs_0002.jpg,m.02vncfs_0002,m.02vncfs_,enrolled,African
African_m.02vncfs/m.02vncfs_0004.jpg/m.02vncfs_0004.jpg,m.02vncfs_0004,m.02vncfs_,enrolled,African
African_m.02wcwjz/m.02wcwjz_0001.jpg/m.02wcwjz_0001.jpg,m.02wcwjz_0001,m.02wcwjz_,enrolled,African
African_m.02wcwjz/m.02wcwjz_0003.jpg/m.02wcwjz_0003.jpg,m.02wcwjz_0003,m.02wcwjz_,enrolled,African
African_m.02x1rwq/m.02x1rwq_0002.jpg/m.02x1rwq_0002.jpg,m.02x1rwq_0002,m.02x1rwq_,enrolled,African
African_m.02x1rwq/m.02x1rwq_0004.jpg/m.02x1rwq_0004.jpg,m.02x1rwq_0004,m.02x1rwq_,enrolled,African
African_m.02z0hh/m.02z0hh_0001.jpg/m.02z0hh_0001.jpg,m.02z0hh_0001,m.02z0hh_,enrolled,African
African_m.02z0hh/m.02z0hh_0002.jpg/m.02z0hh_0002.jpg,m.02z0hh_0002,m.02z0hh_,enrolled,African
African_m.02z0hh/m.02z0hh_0003.jpg/m.02z0hh_0003.jpg,m.02z0hh_0003,m.02z0hh_,enrolled,African
African_m.02zbm26/m.02zbm26_0001.jpg/m.02zbm26_0001.jpg,m.02zbm26_0001,m.02zbm26_,enrolled,African
African_m.02zbm26/m.02zbm26_0002.jpg/m.02zbm26_0002.jpg,m.02zbm26_0002,m.02zbm26_,enrolled,African
African_m.030mpx/m.030mpx_0001.jpg/m.030mpx_0001.jpg,m.030mpx_0001,m.030mpx_,enrolled,African
African_m.030mpx/m.030mpx_0003.jpg/m.030mpx_0003.jpg,m.030mpx_0003,m.030mpx_,enrolled,African
African_m.03cpycy/m.03cpycy_0002.jpg/m.03cpycy_0002.jpg,m.03cpycy_0002,m.03cpycy_,enrolled,African
African_m.03cpycy/m.03cpycy_0003.jpg/m.03cpycy_0003.jpg,m.03cpycy_0003,m.03cpycy_,enrolled,African
African_m.03d0pnm/m.03d0pnm_0001.jpg/m.03d0pnm_0001.jpg,m.03d0pnm_0001,m.03d0pnm_,enrolled,African
African_m.03d0pnm/m.03d0pnm_0005.jpg/m.03d0pnm_0005.jpg,m.03d0pnm_0005,m.03d0pnm_,enrolled,African
African_m.03f6mf7/m.03f6mf7_0001.jpg/m.03f6mf7_0001.jpg,m.03f6mf7_0001,m.03f6mf7_,enrolled,African
African_m.03f6mf7/m.03f6mf7_0002.jpg/m.03f6mf7_0002.jpg,m.03f6mf7_0002,m.03f6mf7_,enrolled,African
African_m.03gs570/m.03gs570_0001.jpg/m.03gs570_0001.jpg,m.03gs570_0001,m.03gs570_,enrolled,African
African_m.03gs570/m.03gs570_0002.jpg/m.03gs570_0002.jpg,m.03gs570_0002,m.03gs570_,enrolled,African
African_m.03kklc/m.03kklc_0001.jpg/m.03kklc_0001.jpg,m.03kklc_0001,m.03kklc_,enrolled,African
African_m.03kklc/m.03kklc_0003.jpg/m.03kklc_0003.jpg,m.03kklc_0003,m.03kklc_,enrolled,African
African_m.03l0kl/m.03l0kl_0002.jpg/m.03l0kl_0002.jpg,m.03l0kl_0002,m.03l0kl_,enrolled,African
African_m.03l0kl/m.03l0kl_0004.jpg/m.03l0kl_0004.jpg,m.03l0kl_0004,m.03l0kl_,enrolled,African
African_m.03nlm_/m.03nlm__0002.jpg/m.03nlm__0002.jpg,m.03nlm__0002,m.03nlm__,enrolled,African
African_m.03nlm_/m.03nlm__0003.jpg/m.03nlm__0003.jpg,m.03nlm__0003,m.03nlm__,enrolled,African
African_m.03rh7_/m.03rh7__0001.jpg/m.03rh7__0001.jpg,m.03rh7__0001,m.03rh7__,enrolled,African
African_m.03rh7_/m.03rh7__0002.jpg/m.03rh7__0002.jpg,m.03rh7__0002,m.03rh7__,enrolled,African
African_m.03rlk0/m.03rlk0_0001.jpg/m.03rlk0_0001.jpg,m.03rlk0_0001,m.03rlk0_,enrolled,African
African_m.03rlk0/m.03rlk0_0002.jpg/m.03rlk0_0002.jpg,m.03rlk0_0002,m.03rlk0_,enrolled,African
African_m.03xmw5p/m.03xmw5p_0002.jpg/m.03xmw5p_0002.jpg,m.03xmw5p_0002,m.03xmw5p_,enrolled,African
African_m.03xmw5p/m.03xmw5p_0003.jpg/m.03xmw5p_0003.jpg,m.03xmw5p_0003,m.03xmw5p_,enrolled,African
African_m.03xp8dq/m.03xp8dq_0001.jpg/m.03xp8dq_0001.jpg,m.03xp8dq_0001,m.03xp8dq_,enrolled,African
African_m.03xp8dq/m.03xp8dq_0004.jpg/m.03xp8dq_0004.jpg,m.03xp8dq_0004,m.03xp8dq_,enrolled,African
African_m.03yj4sd/m.03yj4sd_0002.jpg/m.03yj4sd_0002.jpg,m.03yj4sd_0002,m.03yj4sd_,enrolled,African
African_m.03yj4sd/m.03yj4sd_0004.jpg/m.03yj4sd_0004.jpg,m.03yj4sd_0004,m.03yj4sd_,enrolled,African
African_m.040dvn/m.040dvn_0001.jpg/m.040dvn_0001.jpg,m.040dvn_0001,m.040dvn_,enrolled,African
African_m.040dvn/m.040dvn_0003.jpg/m.040dvn_0003.jpg,m.040dvn_0003,m.040dvn_,enrolled,African
African_m.0411j2k/m.0411j2k_0002.jpg/m.0411j2k_0002.jpg,m.0411j2k_0002,m.0411j2k_,enrolled,African
African_m.0411j2k/m.0411j2k_0003.jpg/m.0411j2k_0003.jpg,m.0411j2k_0003,m.0411j2k_,enrolled,African
African_m.043ljlz/m.043ljlz_0002.jpg/m.043ljlz_0002.jpg,m.043ljlz_0002,m.043ljlz_,enrolled,African
African_m.043ljlz/m.043ljlz_0005.jpg/m.043ljlz_0005.jpg,m.043ljlz_0005,m.043ljlz_,enrolled,African
African_m.043s0k8/m.043s0k8_0001.jpg/m.043s0k8_0001.jpg,m.043s0k8_0001,m.043s0k8_,enrolled,African
African_m.043s0k8/m.043s0k8_0002.jpg/m.043s0k8_0002.jpg,m.043s0k8_0002,m.043s0k8_,enrolled,African
African_m.0473wx/m.0473wx_0001.jpg/m.0473wx_0001.jpg,m.0473wx_0001,m.0473wx_,enrolled,African
African_m.0473wx/m.0473wx_0002.jpg/m.0473wx_0002.jpg,m.0473wx_0002,m.0473wx_,enrolled,African
African_m.047tkqg/m.047tkqg_0001.jpg/m.047tkqg_0001.jpg,m.047tkqg_0001,m.047tkqg_,enrolled,African
African_m.047tkqg/m.047tkqg_0002.jpg/m.047tkqg_0002.jpg,m.047tkqg_0002,m.047tkqg_,enrolled,African
African_m.04cs238/m.04cs238_0004.jpg/m.04cs238_0004.jpg,m.04cs238_0004,m.04cs238_,enrolled,African
African_m.04cs238/m.04cs238_0006.jpg/m.04cs238_0006.jpg,m.04cs238_0006,m.04cs238_,enrolled,African
African_m.04ddjq/m.04ddjq_0002.jpg/m.04ddjq_0002.jpg,m.04ddjq_0002,m.04ddjq_,enrolled,African
African_m.04ddjq/m.04ddjq_0003.jpg/m.04ddjq_0003.jpg,m.04ddjq_0003,m.04ddjq_,enrolled,African
African_m.04lhh6q/m.04lhh6q_0002.jpg/m.04lhh6q_0002.jpg,m.04lhh6q_0002,m.04lhh6q_,enrolled,African
African_m.04lhh6q/m.04lhh6q_0003.jpg/m.04lhh6q_0003.jpg,m.04lhh6q_0003,m.04lhh6q_,enrolled,African
African_m.04lwt4/m.04lwt4_0002.jpg/m.04lwt4_0002.jpg,m.04lwt4_0002,m.04lwt4_,enrolled,African
African_m.04lwt4/m.04lwt4_0003.jpg/m.04lwt4_0003.jpg,m.04lwt4_0003,m.04lwt4_,enrolled,African
African_m.04t5ww/m.04t5ww_0001.jpg/m.04t5ww_0001.jpg,m.04t5ww_0001,m.04t5ww_,enrolled,African
African_m.04t5ww/m.04t5ww_0003.jpg/m.04t5ww_0003.jpg,m.04t5ww_0003,m.04t5ww_,enrolled,African
African_m.04tzx1/m.04tzx1_0001.jpg/m.04tzx1_0001.jpg,m.04tzx1_0001,m.04tzx1_,enrolled,African
African_m.04tzx1/m.04tzx1_0004.jpg/m.04tzx1_0004.jpg,m.04tzx1_0004,m.04tzx1_,enrolled,African
African_m.04y7mty/m.04y7mty_0001.jpg/m.04y7mty_0001.jpg,m.04y7mty_0001,m.04y7mty_,enrolled,African
African_m.04y7mty/m.04y7mty_0003.jpg/m.04y7mty_0003.jpg,m.04y7mty_0003,m.04y7mty_,enrolled,African
African_m.04y7mty/m.04y7mty_0004.jpg/m.04y7mty_0004.jpg,m.04y7mty_0004,m.04y7mty_,enrolled,African
African_m.04zwqm6/m.04zwqm6_0002.jpg/m.04zwqm6_0002.jpg,m.04zwqm6_0002,m.04zwqm6_,enrolled,African
African_m.04zwqm6/m.04zwqm6_0004.jpg/m.04zwqm6_0004.jpg,m.04zwqm6_0004,m.04zwqm6_,enrolled,African
African_m.04zwqm6/m.04zwqm6_0005.jpg/m.04zwqm6_0005.jpg,m.04zwqm6_0005,m.04zwqm6_,enrolled,African
African_m.051jw_/m.051jw__0001.jpg/m.051jw__0001.jpg,m.051jw__0001,m.051jw__,enrolled,African
African_m.051jw_/m.051jw__0003.jpg/m.051jw__0003.jpg,m.051jw__0003,m.051jw__,enrolled,African
African_m.052vh2/m.052vh2_0002.jpg/m.052vh2_0002.jpg,m.052vh2_0002,m.052vh2_,enrolled,African
African_m.052vh2/m.052vh2_0004.jpg/m.052vh2_0004.jpg,m.052vh2_0004,m.052vh2_,enrolled,African
African_m.05g9k8/m.05g9k8_0001.jpg/m.05g9k8_0001.jpg,m.05g9k8_0001,m.05g9k8_,enrolled,African
African_m.05g9k8/m.05g9k8_0002.jpg/m.05g9k8_0002.jpg,m.05g9k8_0002,m.05g9k8_,enrolled,African
African_m.05hgth/m.05hgth_0003.jpg/m.05hgth_0003.jpg,m.05hgth_0003,m.05hgth_,enrolled,African
African_m.05hgth/m.05hgth_0005.jpg/m.05hgth_0005.jpg,m.05hgth_0005,m.05hgth_,enrolled,African
African_m.05n8y_/m.05n8y__0001.jpg/m.05n8y__0001.jpg,m.05n8y__0001,m.05n8y__,enrolled,African
African_m.05n8y_/m.05n8y__0005.jpg/m.05n8y__0005.jpg,m.05n8y__0005,m.05n8y__,enrolled,African
African_m.05p9q60/m.05p9q60_0001.jpg/m.05p9q60_0001.jpg,m.05p9q60_0001,m.05p9q60_,enrolled,African
African_m.05p9q60/m.05p9q60_0003.jpg/m.05p9q60_0003.jpg,m.05p9q60_0003,m.05p9q60_,enrolled,African
African_m.05whkt/m.05whkt_0002.jpg/m.05whkt_0002.jpg,m.05whkt_0002,m.05whkt_,enrolled,African
African_m.05whkt/m.05whkt_0003.jpg/m.05whkt_0003.jpg,m.05whkt_0003,m.05whkt_,enrolled,African
African_m.05yj_q/m.05yj_q_0001.jpg/m.05yj_q_0001.jpg,m.05yj_q_0001,m.05yj_q_,enrolled,African
African_m.05yj_q/m.05yj_q_0003.jpg/m.05yj_q_0003.jpg,m.05yj_q_0003,m.05yj_q_,enrolled,African
African_m.05zl3c/m.05zl3c_0001.jpg/m.05zl3c_0001.jpg,m.05zl3c_0001,m.05zl3c_,enrolled,African
African_m.05zl3c/m.05zl3c_0002.jpg/m.05zl3c_0002.jpg,m.05zl3c_0002,m.05zl3c_,enrolled,African
African_m.05zyz_6/m.05zyz_6_0001.jpg/m.05zyz_6_0001.jpg,m.05zyz_6_0001,m.05zyz_6_,enrolled,African
African_m.05zyz_6/m.05zyz_6_0003.jpg/m.05zyz_6_0003.jpg,m.05zyz_6_0003,m.05zyz_6_,enrolled,African
African_m.05z_f0h/m.05z_f0h_0002.jpg/m.05z_f0h_0002.jpg,m.05z_f0h_0002,m.05z_f0h_,enrolled,African
African_m.05z_f0h/m.05z_f0h_0004.jpg/m.05z_f0h_0004.jpg,m.05z_f0h_0004,m.05z_f0h_,enrolled,African
African_m.06dk8n/m.06dk8n_0001.jpg/m.06dk8n_0001.jpg,m.06dk8n_0001,m.06dk8n_,enrolled,African
African_m.06dk8n/m.06dk8n_0003.jpg/m.06dk8n_0003.jpg,m.06dk8n_0003,m.06dk8n_,enrolled,African
African_m.06s27s/m.06s27s_0001.jpg/m.06s27s_0001.jpg,m.06s27s_0001,m.06s27s_,enrolled,African
African_m.06s27s/m.06s27s_0002.jpg/m.06s27s_0002.jpg,m.06s27s_0002,m.06s27s_,enrolled,African
African_m.06w7y0s/m.06w7y0s_0002.jpg/m.06w7y0s_0002.jpg,m.06w7y0s_0002,m.06w7y0s_,enrolled,African
African_m.06w7y0s/m.06w7y0s_0004.jpg/m.06w7y0s_0004.jpg,m.06w7y0s_0004,m.06w7y0s_,enrolled,African
African_m.075q77/m.075q77_0001.jpg/m.075q77_0001.jpg,m.075q77_0001,m.075q77_,enrolled,African
African_m.075q77/m.075q77_0002.jpg/m.075q77_0002.jpg,m.075q77_0002,m.075q77_,enrolled,African
African_m.079h44/m.079h44_0003.jpg/m.079h44_0003.jpg,m.079h44_0003,m.079h44_,enrolled,African
African_m.079h44/m.079h44_0004.jpg/m.079h44_0004.jpg,m.079h44_0004,m.079h44_,enrolled,African
African_m.07frws/m.07frws_0002.jpg/m.07frws_0002.jpg,m.07frws_0002,m.07frws_,enrolled,African
African_m.07frws/m.07frws_0003.jpg/m.07frws_0003.jpg,m.07frws_0003,m.07frws_,enrolled,African
African_m.07k4tsn/m.07k4tsn_0002.jpg/m.07k4tsn_0002.jpg,m.07k4tsn_0002,m.07k4tsn_,enrolled,African
African_m.07k4tsn/m.07k4tsn_0003.jpg/m.07k4tsn_0003.jpg,m.07k4tsn_0003,m.07k4tsn_,enrolled,African
African_m.07kd5wh/m.07kd5wh_0002.jpg/m.07kd5wh_0002.jpg,m.07kd5wh_0002,m.07kd5wh_,enrolled,African
African_m.07kd5wh/m.07kd5wh_0003.jpg/m.07kd5wh_0003.jpg,m.07kd5wh_0003,m.07kd5wh_,enrolled,African
African_m.07l55y/m.07l55y_0002.jpg/m.07l55y_0002.jpg,m.07l55y_0002,m.07l55y_,enrolled,African
African_m.07l55y/m.07l55y_0003.jpg/m.07l55y_0003.jpg,m.07l55y_0003,m.07l55y_,enrolled,African
African_m.07r4j1/m.07r4j1_0002.jpg/m.07r4j1_0002.jpg,m.07r4j1_0002,m.07r4j1_,enrolled,African
African_m.07r4j1/m.07r4j1_0005.jpg/m.07r4j1_0005.jpg,m.07r4j1_0005,m.07r4j1_,enrolled,African
African_m.07vxhg/m.07vxhg_0001.jpg/m.07vxhg_0001.jpg,m.07vxhg_0001,m.07vxhg_,enrolled,African
African_m.07vxhg/m.07vxhg_0003.jpg/m.07vxhg_0003.jpg,m.07vxhg_0003,m.07vxhg_,enrolled,African
African_m.07wmvk/m.07wmvk_0001.jpg/m.07wmvk_0001.jpg,m.07wmvk_0001,m.07wmvk_,enrolled,African
African_m.07wmvk/m.07wmvk_0003.jpg/m.07wmvk_0003.jpg,m.07wmvk_0003,m.07wmvk_,enrolled,African
African_m.080hg9f/m.080hg9f_0004.jpg/m.080hg9f_0004.jpg,m.080hg9f_0004,m.080hg9f_,enrolled,African
African_m.080hg9f/m.080hg9f_0005.jpg/m.080hg9f_0005.jpg,m.080hg9f_0005,m.080hg9f_,enrolled,African
African_m.09gd0y8/m.09gd0y8_0002.jpg/m.09gd0y8_0002.jpg,m.09gd0y8_0002,m.09gd0y8_,enrolled,African
African_m.09gd0y8/m.09gd0y8_0003.jpg/m.09gd0y8_0003.jpg,m.09gd0y8_0003,m.09gd0y8_,enrolled,African
African_m.09jvjz/m.09jvjz_0001.jpg/m.09jvjz_0001.jpg,m.09jvjz_0001,m.09jvjz_,enrolled,African
African_m.09jvjz/m.09jvjz_0003.jpg/m.09jvjz_0003.jpg,m.09jvjz_0003,m.09jvjz_,enrolled,African
African_m.09mcr7/m.09mcr7_0003.jpg/m.09mcr7_0003.jpg,m.09mcr7_0003,m.09mcr7_,enrolled,African
African_m.09mcr7/m.09mcr7_0004.jpg/m.09mcr7_0004.jpg,m.09mcr7_0004,m.09mcr7_,enrolled,African
African_m.0b744d9/m.0b744d9_0001.jpg/m.0b744d9_0001.jpg,m.0b744d9_0001,m.0b744d9_,enrolled,African
African_m.0b744d9/m.0b744d9_0003.jpg/m.0b744d9_0003.jpg,m.0b744d9_0003,m.0b744d9_,enrolled,African
African_m.0bw2x2/m.0bw2x2_0001.jpg/m.0bw2x2_0001.jpg,m.0bw2x2_0001,m.0bw2x2_,enrolled,African
African_m.0bw2x2/m.0bw2x2_0003.jpg/m.0bw2x2_0003.jpg,m.0bw2x2_0003,m.0bw2x2_,enrolled,African
African_m.0bwmjwf/m.0bwmjwf_0002.jpg/m.0bwmjwf_0002.jpg,m.0bwmjwf_0002,m.0bwmjwf_,enrolled,African
African_m.0bwmjwf/m.0bwmjwf_0004.jpg/m.0bwmjwf_0004.jpg,m.0bwmjwf_0004,m.0bwmjwf_,enrolled,African
African_m.0c2ktj/m.0c2ktj_0002.jpg/m.0c2ktj_0002.jpg,m.0c2ktj_0002,m.0c2ktj_,enrolled,African
African_m.0c2ktj/m.0c2ktj_0003.jpg/m.0c2ktj_0003.jpg,m.0c2ktj_0003,m.0c2ktj_,enrolled,African
African_m.0cd0tf/m.0cd0tf_0002.jpg/m.0cd0tf_0002.jpg,m.0cd0tf_0002,m.0cd0tf_,enrolled,African
African_m.0cd0tf/m.0cd0tf_0004.jpg/m.0cd0tf_0004.jpg,m.0cd0tf_0004,m.0cd0tf_,enrolled,African
African_m.0cjcdj/m.0cjcdj_0002.jpg/m.0cjcdj_0002.jpg,m.0cjcdj_0002,m.0cjcdj_,enrolled,African
African_m.0cjcdj/m.0cjcdj_0003.jpg/m.0cjcdj_0003.jpg,m.0cjcdj_0003,m.0cjcdj_,enrolled,African
African_m.0d3652/m.0d3652_0001.jpg/m.0d3652_0001.jpg,m.0d3652_0001,m.0d3652_,enrolled,African
African_m.0d3652/m.0d3652_0002.jpg/m.0d3652_0002.jpg,m.0d3652_0002,m.0d3652_,enrolled,African
African_m.0df4rv/m.0df4rv_0001.jpg/m.0df4rv_0001.jpg,m.0df4rv_0001,m.0df4rv_,enrolled,African
African_m.0df4rv/m.0df4rv_0003.jpg/m.0df4rv_0003.jpg,m.0df4rv_0003,m.0df4rv_,enrolled,African
African_m.0djr2y/m.0djr2y_0001.jpg/m.0djr2y_0001.jpg,m.0djr2y_0001,m.0djr2y_,enrolled,African
African_m.0djr2y/m.0djr2y_0002.jpg/m.0djr2y_0002.jpg,m.0djr2y_0002,m.0djr2y_,enrolled,African
African_m.0dnj2hd/m.0dnj2hd_0001.jpg/m.0dnj2hd_0001.jpg,m.0dnj2hd_0001,m.0dnj2hd_,enrolled,African
African_m.0dnj2hd/m.0dnj2hd_0003.jpg/m.0dnj2hd_0003.jpg,m.0dnj2hd_0003,m.0dnj2hd_,enrolled,African
African_m.0dsp1f/m.0dsp1f_0004.jpg/m.0dsp1f_0004.jpg,m.0dsp1f_0004,m.0dsp1f_,enrolled,African
African_m.0dsp1f/m.0dsp1f_0006.jpg/m.0dsp1f_0006.jpg,m.0dsp1f_0006,m.0dsp1f_,enrolled,African
African_m.0f8yx2/m.0f8yx2_0003.jpg/m.0f8yx2_0003.jpg,m.0f8yx2_0003,m.0f8yx2_,enrolled,African
African_m.0f8yx2/m.0f8yx2_0004.jpg/m.0f8yx2_0004.jpg,m.0f8yx2_0004,m.0f8yx2_,enrolled,African
African_m.0fdctd/m.0fdctd_0001.jpg/m.0fdctd_0001.jpg,m.0fdctd_0001,m.0fdctd_,enrolled,African
African_m.0fdctd/m.0fdctd_0002.jpg/m.0fdctd_0002.jpg,m.0fdctd_0002,m.0fdctd_,enrolled,African
African_m.0fwcyh/m.0fwcyh_0003.jpg/m.0fwcyh_0003.jpg,m.0fwcyh_0003,m.0fwcyh_,enrolled,African
African_m.0fwcyh/m.0fwcyh_0005.jpg/m.0fwcyh_0005.jpg,m.0fwcyh_0005,m.0fwcyh_,enrolled,African
African_m.0g1y3z/m.0g1y3z_0002.jpg/m.0g1y3z_0002.jpg,m.0g1y3z_0002,m.0g1y3z_,enrolled,African
African_m.0g1y3z/m.0g1y3z_0003.jpg/m.0g1y3z_0003.jpg,m.0g1y3z_0003,m.0g1y3z_,enrolled,African
African_m.0g1y3z/m.0g1y3z_0004.jpg/m.0g1y3z_0004.jpg,m.0g1y3z_0004,m.0g1y3z_,enrolled,African
African_m.0gg6zmj/m.0gg6zmj_0001.jpg/m.0gg6zmj_0001.jpg,m.0gg6zmj_0001,m.0gg6zmj_,enrolled,African
African_m.0gg6zmj/m.0gg6zmj_0002.jpg/m.0gg6zmj_0002.jpg,m.0gg6zmj_0002,m.0gg6zmj_,enrolled,African
African_m.0gg6zmj/m.0gg6zmj_0003.jpg/m.0gg6zmj_0003.jpg,m.0gg6zmj_0003,m.0gg6zmj_,enrolled,African
African_m.0glrzqp/m.0glrzqp_0001.jpg/m.0glrzqp_0001.jpg,m.0glrzqp_0001,m.0glrzqp_,enrolled,African
African_m.0glrzqp/m.0glrzqp_0003.jpg/m.0glrzqp_0003.jpg,m.0glrzqp_0003,m.0glrzqp_,enrolled,African
African_m.0gvr8h/m.0gvr8h_0001.jpg/m.0gvr8h_0001.jpg,m.0gvr8h_0001,m.0gvr8h_,enrolled,African
African_m.0gvr8h/m.0gvr8h_0002.jpg/m.0gvr8h_0002.jpg,m.0gvr8h_0002,m.0gvr8h_,enrolled,African
African_m.0h1cjzn/m.0h1cjzn_0001.jpg/m.0h1cjzn_0001.jpg,m.0h1cjzn_0001,m.0h1cjzn_,enrolled,African
African_m.0h1cjzn/m.0h1cjzn_0003.jpg/m.0h1cjzn_0003.jpg,m.0h1cjzn_0003,m.0h1cjzn_,enrolled,African
African_m.0h62_40/m.0h62_40_0001.jpg/m.0h62_40_0001.jpg,m.0h62_40_0001,m.0h62_40_,enrolled,African
African_m.0h62_40/m.0h62_40_0003.jpg/m.0h62_40_0003.jpg,m.0h62_40_0003,m.0h62_40_,enrolled,African
African_m.0h94d3h/m.0h94d3h_0002.jpg/m.0h94d3h_0002.jpg,m.0h94d3h_0002,m.0h94d3h_,enrolled,African
African_m.0h94d3h/m.0h94d3h_0003.jpg/m.0h94d3h_0003.jpg,m.0h94d3h_0003,m.0h94d3h_,enrolled,African
African_m.0hr6y10/m.0hr6y10_0001.jpg/m.0hr6y10_0001.jpg,m.0hr6y10_0001,m.0hr6y10_,enrolled,African
African_m.0hr6y10/m.0hr6y10_0003.jpg/m.0hr6y10_0003.jpg,m.0hr6y10_0003,m.0hr6y10_,enrolled,African
African_m.0h_gn8t/m.0h_gn8t_0002.jpg/m.0h_gn8t_0002.jpg,m.0h_gn8t_0002,m.0h_gn8t_,enrolled,African
African_m.0h_gn8t/m.0h_gn8t_0003.jpg/m.0h_gn8t_0003.jpg,m.0h_gn8t_0003,m.0h_gn8t_,enrolled,African
African_m.0j435s9/m.0j435s9_0001.jpg/m.0j435s9_0001.jpg,m.0j435s9_0001,m.0j435s9_,enrolled,African
African_m.0j435s9/m.0j435s9_0002.jpg/m.0j435s9_0002.jpg,m.0j435s9_0002,m.0j435s9_,enrolled,African
African_m.0j4lqmx/m.0j4lqmx_0001.jpg/m.0j4lqmx_0001.jpg,m.0j4lqmx_0001,m.0j4lqmx_,enrolled,African
African_m.0j4lqmx/m.0j4lqmx_0002.jpg/m.0j4lqmx_0002.jpg,m.0j4lqmx_0002,m.0j4lqmx_,enrolled,African
African_m.0j67l3_/m.0j67l3__0001.jpg/m.0j67l3__0001.jpg,m.0j67l3__0001,m.0j67l3__,enrolled,African
African_m.0j67l3_/m.0j67l3__0002.jpg/m.0j67l3__0002.jpg,m.0j67l3__0002,m.0j67l3__,enrolled,African
African_m.0j7ml3n/m.0j7ml3n_0001.jpg/m.0j7ml3n_0001.jpg,m.0j7ml3n_0001,m.0j7ml3n_,enrolled,African
African_m.0j7ml3n/m.0j7ml3n_0003.jpg/m.0j7ml3n_0003.jpg,m.0j7ml3n_0003,m.0j7ml3n_,enrolled,African
African_m.0jl16fw/m.0jl16fw_0001.jpg/m.0jl16fw_0001.jpg,m.0jl16fw_0001,m.0jl16fw_,enrolled,African
African_m.0jl16fw/m.0jl16fw_0005.jpg/m.0jl16fw_0005.jpg,m.0jl16fw_0005,m.0jl16fw_,enrolled,African
African_m.0jwn_c/m.0jwn_c_0004.jpg/m.0jwn_c_0004.jpg,m.0jwn_c_0004,m.0jwn_c_,enrolled,African
African_m.0jwn_c/m.0jwn_c_0005.jpg/m.0jwn_c_0005.jpg,m.0jwn_c_0005,m.0jwn_c_,enrolled,African
African_m.0k7y9hw/m.0k7y9hw_0002.jpg/m.0k7y9hw_0002.jpg,m.0k7y9hw_0002,m.0k7y9hw_,enrolled,African
African_m.0k7y9hw/m.0k7y9hw_0003.jpg/m.0k7y9hw_0003.jpg,m.0k7y9hw_0003,m.0k7y9hw_,enrolled,African
African_m.0q276/m.0q276_0001.jpg/m.0q276_0001.jpg,m.0q276_0001,m.0q276_,enrolled,African
African_m.0q276/m.0q276_0004.jpg/m.0q276_0004.jpg,m.0q276_0004,m.0q276_,enrolled,African
African_m.0r8x_gx/m.0r8x_gx_0002.jpg/m.0r8x_gx_0002.jpg,m.0r8x_gx_0002,m.0r8x_gx_,enrolled,African
African_m.0r8x_gx/m.0r8x_gx_0003.jpg/m.0r8x_gx_0003.jpg,m.0r8x_gx_0003,m.0r8x_gx_,enrolled,African
African_m.0x1lfrd/m.0x1lfrd_0004.jpg/m.0x1lfrd_0004.jpg,m.0x1lfrd_0004,m.0x1lfrd_,enrolled,African
African_m.0x1lfrd/m.0x1lfrd_0005.jpg/m.0x1lfrd_0005.jpg,m.0x1lfrd_0005,m.0x1lfrd_,enrolled,African
Asian_m.01w5j5t/m.01w5j5t_0001.jpg/m.01w5j5t_0001.jpg,m.01w5j5t_0001,m.01w5j5t_,enrolled,Asian
Asian_m.01w5j5t/m.01w5j5t_0002.jpg/m.01w5j5t_0002.jpg,m.01w5j5t_0002,m.01w5j5t_,enrolled,Asian
Asian_m.026gkq/m.026gkq_0001.jpg/m.026gkq_0001.jpg,m.026gkq_0001,m.026gkq_,enrolled,Asian
Asian_m.026gkq/m.026gkq_0004.jpg/m.026gkq_0004.jpg,m.026gkq_0004,m.026gkq_,enrolled,Asian
Asian_m.027x4_k/m.027x4_k_0002.jpg/m.027x4_k_0002.jpg,m.027x4_k_0002,m.027x4_k_,enrolled,Asian
Asian_m.027x4_k/m.027x4_k_0003.jpg/m.027x4_k_0003.jpg,m.027x4_k_0003,m.027x4_k_,enrolled,Asian
Asian_m.02h8cv/m.02h8cv_0001.jpg/m.02h8cv_0001.jpg,m.02h8cv_0001,m.02h8cv_,enrolled,Asian
Asian_m.02h8cv/m.02h8cv_0004.jpg/m.02h8cv_0004.jpg,m.02h8cv_0004,m.02h8cv_,enrolled,Asian
Asian_m.02m4tx/m.02m4tx_0001.jpg/m.02m4tx_0001.jpg,m.02m4tx_0001,m.02m4tx_,enrolled,Asian
Asian_m.02m4tx/m.02m4tx_0003.jpg/m.02m4tx_0003.jpg,m.02m4tx_0003,m.02m4tx_,enrolled,Asian
Asian_m.02q1kxv/m.02q1kxv_0003.jpg/m.02q1kxv_0003.jpg,m.02q1kxv_0003,m.02q1kxv_,enrolled,Asian
Asian_m.02q1kxv/m.02q1kxv_0004.jpg/m.02q1kxv_0004.jpg,m.02q1kxv_0004,m.02q1kxv_,enrolled,Asian
Asian_m.02r5mm5/m.02r5mm5_0002.jpg/m.02r5mm5_0002.jpg,m.02r5mm5_0002,m.02r5mm5_,enrolled,Asian
Asian_m.02r5mm5/m.02r5mm5_0003.jpg/m.02r5mm5_0003.jpg,m.02r5mm5_0003,m.02r5mm5_,enrolled,Asian
Asian_m.02r7_c8/m.02r7_c8_0001.jpg/m.02r7_c8_0001.jpg,m.02r7_c8_0001,m.02r7_c8_,enrolled,Asian
Asian_m.02r7_c8/m.02r7_c8_0004.jpg/m.02r7_c8_0004.jpg,m.02r7_c8_0004,m.02r7_c8_,enrolled,Asian
Asian_m.02rfd99/m.02rfd99_0001.jpg/m.02rfd99_0001.jpg,m.02rfd99_0001,m.02rfd99_,enrolled,Asian
Asian_m.02rfd99/m.02rfd99_0004.jpg/m.02rfd99_0004.jpg,m.02rfd99_0004,m.02rfd99_,enrolled,Asian
Asian_m.02wwpck/m.02wwpck_0002.jpg/m.02wwpck_0002.jpg,m.02wwpck_0002,m.02wwpck_,enrolled,Asian
Asian_m.02wwpck/m.02wwpck_0005.jpg/m.02wwpck_0005.jpg,m.02wwpck_0005,m.02wwpck_,enrolled,Asian
Asian_m.02y6zz/m.02y6zz_0002.jpg/m.02y6zz_0002.jpg,m.02y6zz_0002,m.02y6zz_,enrolled,Asian
Asian_m.02y6zz/m.02y6zz_0004.jpg/m.02y6zz_0004.jpg,m.02y6zz_0004,m.02y6zz_,enrolled,Asian
Asian_m.02z2bjw/m.02z2bjw_0001.jpg/m.02z2bjw_0001.jpg,m.02z2bjw_0001,m.02z2bjw_,enrolled,Asian
Asian_m.02z2bjw/m.02z2bjw_0003.jpg/m.02z2bjw_0003.jpg,m.02z2bjw_0003,m.02z2bjw_,enrolled,Asian
Asian_m.02z2bjw/m.02z2bjw_0005.jpg/m.02z2bjw_0005.jpg,m.02z2bjw_0005,m.02z2bjw_,enrolled,Asian
Asian_m.0377cl/m.0377cl_0001.jpg/m.0377cl_0001.jpg,m.0377cl_0001,m.0377cl_,enrolled,Asian
Asian_m.0377cl/m.0377cl_0003.jpg/m.0377cl_0003.jpg,m.0377cl_0003,m.0377cl_,enrolled,Asian
Asian_m.037jq3/m.037jq3_0003.jpg/m.037jq3_0003.jpg,m.037jq3_0003,m.037jq3_,enrolled,Asian
Asian_m.037jq3/m.037jq3_0004.jpg/m.037jq3_0004.jpg,m.037jq3_0004,m.037jq3_,enrolled,Asian
Asian_m.037jq3/m.037jq3_0005.jpg/m.037jq3_0005.jpg,m.037jq3_0005,m.037jq3_,enrolled,Asian
Asian_m.03b53l/m.03b53l_0005.jpg/m.03b53l_0005.jpg,m.03b53l_0005,m.03b53l_,enrolled,Asian
Asian_m.03b53l/m.03b53l_0007.jpg/m.03b53l_0007.jpg,m.03b53l_0007,m.03b53l_,enrolled,Asian
Asian_m.03bdj5/m.03bdj5_0001.jpg/m.03bdj5_0001.jpg,m.03bdj5_0001,m.03bdj5_,enrolled,Asian
Asian_m.03bdj5/m.03bdj5_0003.jpg/m.03bdj5_0003.jpg,m.03bdj5_0003,m.03bdj5_,enrolled,Asian
Asian_m.03by95/m.03by95_0004.jpg/m.03by95_0004.jpg,m.03by95_0004,m.03by95_,enrolled,Asian
Asian_m.03by95/m.03by95_0006.jpg/m.03by95_0006.jpg,m.03by95_0006,m.03by95_,enrolled,Asian
Asian_m.03d2pr0/m.03d2pr0_0002.jpg/m.03d2pr0_0002.jpg,m.03d2pr0_0002,m.03d2pr0_,enrolled,Asian
Asian_m.03d2pr0/m.03d2pr0_0004.jpg/m.03d2pr0_0004.jpg,m.03d2pr0_0004,m.03d2pr0_,enrolled,Asian
Asian_m.03gllk/m.03gllk_0001.jpg/m.03gllk_0001.jpg,m.03gllk_0001,m.03gllk_,enrolled,Asian
Asian_m.03gllk/m.03gllk_0005.jpg/m.03gllk_0005.jpg,m.03gllk_0005,m.03gllk_,enrolled,Asian
Asian_m.03m83py/m.03m83py_0001.jpg/m.03m83py_0001.jpg,m.03m83py_0001,m.03m83py_,enrolled,Asian
Asian_m.03m83py/m.03m83py_0003.jpg/m.03m83py_0003.jpg,m.03m83py_0003,m.03m83py_,enrolled,Asian
Asian_m.04043t_/m.04043t__0001.jpg/m.04043t__0001.jpg,m.04043t__0001,m.04043t__,enrolled,Asian
Asian_m.04043t_/m.04043t__0004.jpg/m.04043t__0004.jpg,m.04043t__0004,m.04043t__,enrolled,Asian
Asian_m.0432f6/m.0432f6_0001.jpg/m.0432f6_0001.jpg,m.0432f6_0001,m.0432f6_,enrolled,Asian
Asian_m.0432f6/m.0432f6_0004.jpg/m.0432f6_0004.jpg,m.0432f6_0004,m.0432f6_,enrolled,Asian
Asian_m.043kns/m.043kns_0003.jpg/m.043kns_0003.jpg,m.043kns_0003,m.043kns_,enrolled,Asian
Asian_m.043kns/m.043kns_0006.jpg/m.043kns_0006.jpg,m.043kns_0006,m.043kns_,enrolled,Asian
Asian_m.043sdm_/m.043sdm__0001.jpg/m.043sdm__0001.jpg,m.043sdm__0001,m.043sdm__,enrolled,Asian
Asian_m.043sdm_/m.043sdm__0002.jpg/m.043sdm__0002.jpg,m.043sdm__0002,m.043sdm__,enrolled,Asian
Asian_m.047pf7n/m.047pf7n_0002.jpg/m.047pf7n_0002.jpg,m.047pf7n_0002,m.047pf7n_,enrolled,Asian
Asian_m.047pf7n/m.047pf7n_0005.jpg/m.047pf7n_0005.jpg,m.047pf7n_0005,m.047pf7n_,enrolled,Asian
Asian_m.04dt9z/m.04dt9z_0001.jpg/m.04dt9z_0001.jpg,m.04dt9z_0001,m.04dt9z_,enrolled,Asian
Asian_m.04dt9z/m.04dt9z_0002.jpg/m.04dt9z_0002.jpg,m.04dt9z_0002,m.04dt9z_,enrolled,Asian
Asian_m.04f4_6q/m.04f4_6q_0001.jpg/m.04f4_6q_0001.jpg,m.04f4_6q_0001,m.04f4_6q_,enrolled,Asian
Asian_m.04f4_6q/m.04f4_6q_0002.jpg/m.04f4_6q_0002.jpg,m.04f4_6q_0002,m.04f4_6q_,enrolled,Asian
Asian_m.04nzf7/m.04nzf7_0001.jpg/m.04nzf7_0001.jpg,m.04nzf7_0001,m.04nzf7_,enrolled,Asian
Asian_m.04nzf7/m.04nzf7_0002.jpg/m.04nzf7_0002.jpg,m.04nzf7_0002,m.04nzf7_,enrolled,Asian
Asian_m.04ydpy4/m.04ydpy4_0001.jpg/m.04ydpy4_0001.jpg,m.04ydpy4_0001,m.04ydpy4_,enrolled,Asian
Asian_m.04ydpy4/m.04ydpy4_0002.jpg/m.04ydpy4_0002.jpg,m.04ydpy4_0002,m.04ydpy4_,enrolled,Asian
Asian_m.054w6x/m.054w6x_0002.jpg/m.054w6x_0002.jpg,m.054w6x_0002,m.054w6x_,enrolled,Asian
Asian_m.054w6x/m.054w6x_0003.jpg/m.054w6x_0003.jpg,m.054w6x_0003,m.054w6x_,enrolled,Asian
Asian_m.05syvk5/m.05syvk5_0002.jpg/m.05syvk5_0002.jpg,m.05syvk5_0002,m.05syvk5_,enrolled,Asian
Asian_m.05syvk5/m.05syvk5_0004.jpg/m.05syvk5_0004.jpg,m.05syvk5_0004,m.05syvk5_,enrolled,Asian
Asian_m.05zk65x/m.05zk65x_0001.jpg/m.05zk65x_0001.jpg,m.05zk65x_0001,m.05zk65x_,enrolled,Asian
Asian_m.05zk65x/m.05zk65x_0002.jpg/m.05zk65x_0002.jpg,m.05zk65x_0002,m.05zk65x_,enrolled,Asian
Asian_m.0659sj/m.0659sj_0001.jpg/m.0659sj_0001.jpg,m.0659sj_0001,m.0659sj_,enrolled,Asian
Asian_m.0659sj/m.0659sj_0002.jpg/m.0659sj_0002.jpg,m.0659sj_0002,m.0659sj_,enrolled,Asian
Asian_m.06c1fd/m.06c1fd_0005.jpg/m.06c1fd_0005.jpg,m.06c1fd_0005,m.06c1fd_,enrolled,Asian
Asian_m.06c1fd/m.06c1fd_0006.jpg/m.06c1fd_0006.jpg,m.06c1fd_0006,m.06c1fd_,enrolled,Asian
Asian_m.06q_wv/m.06q_wv_0001.jpg/m.06q_wv_0001.jpg,m.06q_wv_0001,m.06q_wv_,enrolled,Asian
Asian_m.06q_wv/m.06q_wv_0002.jpg/m.06q_wv_0002.jpg,m.06q_wv_0002,m.06q_wv_,enrolled,Asian
Asian_m.08lp99/m.08lp99_0002.jpg/m.08lp99_0002.jpg,m.08lp99_0002,m.08lp99_,enrolled,Asian
Asian_m.08lp99/m.08lp99_0004.jpg/m.08lp99_0004.jpg,m.08lp99_0004,m.08lp99_,enrolled,Asian
Asian_m.08nsyz4/m.08nsyz4_0002.jpg/m.08nsyz4_0002.jpg,m.08nsyz4_0002,m.08nsyz4_,enrolled,Asian
Asian_m.08nsyz4/m.08nsyz4_0003.jpg/m.08nsyz4_0003.jpg,m.08nsyz4_0003,m.08nsyz4_,enrolled,Asian
Asian_m.08nsyz4/m.08nsyz4_0004.jpg/m.08nsyz4_0004.jpg,m.08nsyz4_0004,m.08nsyz4_,enrolled,Asian
Asian_m.099y7c/m.099y7c_0002.jpg/m.099y7c_0002.jpg,m.099y7c_0002,m.099y7c_,enrolled,Asian
Asian_m.099y7c/m.099y7c_0004.jpg/m.099y7c_0004.jpg,m.099y7c_0004,m.099y7c_,enrolled,Asian
Asian_m.09f57q/m.09f57q_0001.jpg/m.09f57q_0001.jpg,m.09f57q_0001,m.09f57q_,enrolled,Asian
Asian_m.09f57q/m.09f57q_0002.jpg/m.09f57q_0002.jpg,m.09f57q_0002,m.09f57q_,enrolled,Asian
Asian_m.09h3b6/m.09h3b6_0002.jpg/m.09h3b6_0002.jpg,m.09h3b6_0002,m.09h3b6_,enrolled,Asian
Asian_m.09h3b6/m.09h3b6_0004.jpg/m.09h3b6_0004.jpg,m.09h3b6_0004,m.09h3b6_,enrolled,Asian
Asian_m.09k3hc/m.09k3hc_0001.jpg/m.09k3hc_0001.jpg,m.09k3hc_0001,m.09k3hc_,enrolled,Asian
Asian_m.09k3hc/m.09k3hc_0003.jpg/m.09k3hc_0003.jpg,m.09k3hc_0003,m.09k3hc_,enrolled,Asian
Asian_m.09zbx4/m.09zbx4_0001.jpg/m.09zbx4_0001.jpg,m.09zbx4_0001,m.09zbx4_,enrolled,Asian
Asian_m.09zbx4/m.09zbx4_0002.jpg/m.09zbx4_0002.jpg,m.09zbx4_0002,m.09zbx4_,enrolled,Asian
Asian_m.0b6nlhh/m.0b6nlhh_0003.jpg/m.0b6nlhh_0003.jpg,m.0b6nlhh_0003,m.0b6nlhh_,enrolled,Asian
Asian_m.0b6nlhh/m.0b6nlhh_0005.jpg/m.0b6nlhh_0005.jpg,m.0b6nlhh_0005,m.0b6nlhh_,enrolled,Asian
Asian_m.0bbvmh/m.0bbvmh_0005.jpg/m.0bbvmh_0005.jpg,m.0bbvmh_0005,m.0bbvmh_,enrolled,Asian
Asian_m.0bbvmh/m.0bbvmh_0007.jpg/m.0bbvmh_0007.jpg,m.0bbvmh_0007,m.0bbvmh_,enrolled,Asian
Asian_m.0bj77lx/m.0bj77lx_0001.jpg/m.0bj77lx_0001.jpg,m.0bj77lx_0001,m.0bj77lx_,enrolled,Asian
Asian_m.0bj77lx/m.0bj77lx_0003.jpg/m.0bj77lx_0003.jpg,m.0bj77lx_0003,m.0bj77lx_,enrolled,Asian
Asian_m.0bkfkm/m.0bkfkm_0002.jpg/m.0bkfkm_0002.jpg,m.0bkfkm_0002,m.0bkfkm_,enrolled,Asian
Asian_m.0bkfkm/m.0bkfkm_0004.jpg/m.0bkfkm_0004.jpg,m.0bkfkm_0004,m.0bkfkm_,enrolled,Asian
Asian_m.0bw91f/m.0bw91f_0001.jpg/m.0bw91f_0001.jpg,m.0bw91f_0001,m.0bw91f_,enrolled,Asian
Asian_m.0bw91f/m.0bw91f_0002.jpg/m.0bw91f_0002.jpg,m.0bw91f_0002,m.0bw91f_,enrolled,Asian
Asian_m.0cf93t/m.0cf93t_0003.jpg/m.0cf93t_0003.jpg,m.0cf93t_0003,m.0cf93t_,enrolled,Asian
Asian_m.0cf93t/m.0cf93t_0005.jpg/m.0cf93t_0005.jpg,m.0cf93t_0005,m.0cf93t_,enrolled,Asian
Asian_m.0cf93t/m.0cf93t_0008.jpg/m.0cf93t_0008.jpg,m.0cf93t_0008,m.0cf93t_,enrolled,Asian
Asian_m.0ddxl5/m.0ddxl5_0003.jpg/m.0ddxl5_0003.jpg,m.0ddxl5_0003,m.0ddxl5_,enrolled,Asian
Asian_m.0ddxl5/m.0ddxl5_0004.jpg/m.0ddxl5_0004.jpg,m.0ddxl5_0004,m.0ddxl5_,enrolled,Asian
Asian_m.0dgpmgw/m.0dgpmgw_0001.jpg/m.0dgpmgw_0001.jpg,m.0dgpmgw_0001,m.0dgpmgw_,enrolled,Asian
Asian_m.0dgpmgw/m.0dgpmgw_0002.jpg/m.0dgpmgw_0002.jpg,m.0dgpmgw_0002,m.0dgpmgw_,enrolled,Asian
Asian_m.0fnz3z/m.0fnz3z_0001.jpg/m.0fnz3z_0001.jpg,m.0fnz3z_0001,m.0fnz3z_,enrolled,Asian
Asian_m.0fnz3z/m.0fnz3z_0003.jpg/m.0fnz3z_0003.jpg,m.0fnz3z_0003,m.0fnz3z_,enrolled,Asian
Asian_m.0g04z9/m.0g04z9_0001.jpg/m.0g04z9_0001.jpg,m.0g04z9_0001,m.0g04z9_,enrolled,Asian
Asian_m.0g04z9/m.0g04z9_0002.jpg/m.0g04z9_0002.jpg,m.0g04z9_0002,m.0g04z9_,enrolled,Asian
Asian_m.0gc6z2n/m.0gc6z2n_0001.jpg/m.0gc6z2n_0001.jpg,m.0gc6z2n_0001,m.0gc6z2n_,enrolled,Asian
Asian_m.0gc6z2n/m.0gc6z2n_0002.jpg/m.0gc6z2n_0002.jpg,m.0gc6z2n_0002,m.0gc6z2n_,enrolled,Asian
Asian_m.0gpqhm/m.0gpqhm_0002.jpg/m.0gpqhm_0002.jpg,m.0gpqhm_0002,m.0gpqhm_,enrolled,Asian
Asian_m.0gpqhm/m.0gpqhm_0004.jpg/m.0gpqhm_0004.jpg,m.0gpqhm_0004,m.0gpqhm_,enrolled,Asian
Asian_m.0gx1hbx/m.0gx1hbx_0002.jpg/m.0gx1hbx_0002.jpg,m.0gx1hbx_0002,m.0gx1hbx_,enrolled,Asian
Asian_m.0gx1hbx/m.0gx1hbx_0004.jpg/m.0gx1hbx_0004.jpg,m.0gx1hbx_0004,m.0gx1hbx_,enrolled,Asian
Asian_m.0gyrwjf/m.0gyrwjf_0001.jpg/m.0gyrwjf_0001.jpg,m.0gyrwjf_0001,m.0gyrwjf_,enrolled,Asian
Asian_m.0gyrwjf/m.0gyrwjf_0005.jpg/m.0gyrwjf_0005.jpg,m.0gyrwjf_0005,m.0gyrwjf_,enrolled,Asian
Asian_m.0h3f3pj/m.0h3f3pj_0005.jpg/m.0h3f3pj_0005.jpg,m.0h3f3pj_0005,m.0h3f3pj_,enrolled,Asian
Asian_m.0h3f3pj/m.0h3f3pj_0006.jpg/m.0h3f3pj_0006.jpg,m.0h3f3pj_0006,m.0h3f3pj_,enrolled,Asian
Asian_m.0h6h8w/m.0h6h8w_0004.jpg/m.0h6h8w_0004.jpg,m.0h6h8w_0004,m.0h6h8w_,enrolled,Asian
Asian_m.0h6h8w/m.0h6h8w_0005.jpg/m.0h6h8w_0005.jpg,m.0h6h8w_0005,m.0h6h8w_,enrolled,Asian
Asian_m.0jt578s/m.0jt578s_0001.jpg/m.0jt578s_0001.jpg,m.0jt578s_0001,m.0jt578s_,enrolled,Asian
Asian_m.0jt578s/m.0jt578s_0003.jpg/m.0jt578s_0003.jpg,m.0jt578s_0003,m.0jt578s_,enrolled,Asian
Asian_m.0jt578s/m.0jt578s_0004.jpg/m.0jt578s_0004.jpg,m.0jt578s_0004,m.0jt578s_,enrolled,Asian
Asian_m.0jvt9gt/m.0jvt9gt_0001.jpg/m.0jvt9gt_0001.jpg,m.0jvt9gt_0001,m.0jvt9gt_,enrolled,Asian
Asian_m.0jvt9gt/m.0jvt9gt_0002.jpg/m.0jvt9gt_0002.jpg,m.0jvt9gt_0002,m.0jvt9gt_,enrolled,Asian
Asian_m.0k__f5/m.0k__f5_0001.jpg/m.0k__f5_0001.jpg,m.0k__f5_0001,m.0k__f5_,enrolled,Asian
Asian_m.0k__f5/m.0k__f5_0005.jpg/m.0k__f5_0005.jpg,m.0k__f5_0005,m.0k__f5_,enrolled,Asian
Caucasian_m.011_2h/m.011_2h_0001.jpg/m.011_2h_0001.jpg,m.011_2h_0001,m.011_2h_,enrolled,Caucasian
Caucasian_m.011_2h/m.011_2h_0002.jpg/m.011_2h_0002.jpg,m.011_2h_0002,m.011_2h_,enrolled,Caucasian
Caucasian_m.0144_b/m.0144_b_0001.jpg/m.0144_b_0001.jpg,m.0144_b_0001,m.0144_b_,enrolled,Caucasian
Caucasian_m.0144_b/m.0144_b_0003.jpg/m.0144_b_0003.jpg,m.0144_b_0003,m.0144_b_,enrolled,Caucasian
Caucasian_m.01jscz/m.01jscz_0001.jpg/m.01jscz_0001.jpg,m.01jscz_0001,m.01jscz_,enrolled,Caucasian
Caucasian_m.01jscz/m.01jscz_0003.jpg/m.01jscz_0003.jpg,m.01jscz_0003,m.01jscz_,enrolled,Caucasian
Caucasian_m.01lz_v/m.01lz_v_0004.jpg/m.01lz_v_0004.jpg,m.01lz_v_0004,m.01lz_v_,enrolled,Caucasian
Caucasian_m.01lz_v/m.01lz_v_0005.jpg/m.01lz_v_0005.jpg,m.01lz_v_0005,m.01lz_v_,enrolled,Caucasian
Caucasian_m.01mqgf/m.01mqgf_0002.jpg/m.01mqgf_0002.jpg,m.01mqgf_0002,m.01mqgf_,enrolled,Caucasian
Caucasian_m.01mqgf/m.01mqgf_0004.jpg/m.01mqgf_0004.jpg,m.01mqgf_0004,m.01mqgf_,enrolled,Caucasian
Caucasian_m.01qtvnk/m.01qtvnk_0001.jpg/m.01qtvnk_0001.jpg,m.01qtvnk_0001,m.01qtvnk_,enrolled,Caucasian
Caucasian_m.01qtvnk/m.01qtvnk_0002.jpg/m.01qtvnk_0002.jpg,m.01qtvnk_0002,m.01qtvnk_,enrolled,Caucasian
Caucasian_m.025wgh2/m.025wgh2_0004.jpg/m.025wgh2_0004.jpg,m.025wgh2_0004,m.025wgh2_,enrolled,Caucasian
Caucasian_m.025wgh2/m.025wgh2_0005.jpg/m.025wgh2_0005.jpg,m.025wgh2_0005,m.025wgh2_,enrolled,Caucasian
Caucasian_m.0269b_s/m.0269b_s_0001.jpg/m.0269b_s_0001.jpg,m.0269b_s_0001,m.0269b_s_,enrolled,Caucasian
Caucasian_m.0269b_s/m.0269b_s_0003.jpg/m.0269b_s_0003.jpg,m.0269b_s_0003,m.0269b_s_,enrolled,Caucasian
Caucasian_m.026njl2/m.026njl2_0004.jpg/m.026njl2_0004.jpg,m.026njl2_0004,m.026njl2_,enrolled,Caucasian
Caucasian_m.026njl2/m.026njl2_0006.jpg/m.026njl2_0006.jpg,m.026njl2_0006,m.026njl2_,enrolled,Caucasian
Caucasian_m.02729k2/m.02729k2_0002.jpg/m.02729k2_0002.jpg,m.02729k2_0002,m.02729k2_,enrolled,Caucasian
Caucasian_m.02729k2/m.02729k2_0005.jpg/m.02729k2_0005.jpg,m.02729k2_0005,m.02729k2_,enrolled,Caucasian
Caucasian_m.02729k2/m.02729k2_0006.jpg/m.02729k2_0006.jpg,m.02729k2_0006,m.02729k2_,enrolled,Caucasian
Caucasian_m.028tyf/m.028tyf_0001.jpg/m.028tyf_0001.jpg,m.028tyf_0001,m.028tyf_,enrolled,Caucasian
Caucasian_m.028tyf/m.028tyf_0003.jpg/m.028tyf_0003.jpg,m.028tyf_0003,m.028tyf_,enrolled,Caucasian
Caucasian_m.02fcs2/m.02fcs2_0002.jpg/m.02fcs2_0002.jpg,m.02fcs2_0002,m.02fcs2_,enrolled,Caucasian
Caucasian_m.02fcs2/m.02fcs2_0004.jpg/m.02fcs2_0004.jpg,m.02fcs2_0004,m.02fcs2_,enrolled,Caucasian
Caucasian_m.02kbh4/m.02kbh4_0001.jpg/m.02kbh4_0001.jpg,m.02kbh4_0001,m.02kbh4_,enrolled,Caucasian
Caucasian_m.02kbh4/m.02kbh4_0002.jpg/m.02kbh4_0002.jpg,m.02kbh4_0002,m.02kbh4_,enrolled,Caucasian
Caucasian_m.02qf_k6/m.02qf_k6_0001.jpg/m.02qf_k6_0001.jpg,m.02qf_k6_0001,m.02qf_k6_,enrolled,Caucasian
Caucasian_m.02qf_k6/m.02qf_k6_0002.jpg/m.02qf_k6_0002.jpg,m.02qf_k6_0002,m.02qf_k6_,enrolled,Caucasian
Caucasian_m.02rx86/m.02rx86_0002.jpg/m.02rx86_0002.jpg,m.02rx86_0002,m.02rx86_,enrolled,Caucasian
Caucasian_m.02rx86/m.02rx86_0003.jpg/m.02rx86_0003.jpg,m.02rx86_0003,m.02rx86_,enrolled,Caucasian
Caucasian_m.02vldwh/m.02vldwh_0001.jpg/m.02vldwh_0001.jpg,m.02vldwh_0001,m.02vldwh_,enrolled,Caucasian
Caucasian_m.02vldwh/m.02vldwh_0003.jpg/m.02vldwh_0003.jpg,m.02vldwh_0003,m.02vldwh_,enrolled,Caucasian
Caucasian_m.02w20rn/m.02w20rn_0001.jpg/m.02w20rn_0001.jpg,m.02w20rn_0001,m.02w20rn_,enrolled,Caucasian
Caucasian_m.02w20rn/m.02w20rn_0002.jpg/m.02w20rn_0002.jpg,m.02w20rn_0002,m.02w20rn_,enrolled,Caucasian
Caucasian_m.033lqh/m.033lqh_0001.jpg/m.033lqh_0001.jpg,m.033lqh_0001,m.033lqh_,enrolled,Caucasian
Caucasian_m.033lqh/m.033lqh_0004.jpg/m.033lqh_0004.jpg,m.033lqh_0004,m.033lqh_,enrolled,Caucasian
Caucasian_m.035wq7/m.035wq7_0001.jpg/m.035wq7_0001.jpg,m.035wq7_0001,m.035wq7_,enrolled,Caucasian
Caucasian_m.035wq7/m.035wq7_0002.jpg/m.035wq7_0002.jpg,m.035wq7_0002,m.035wq7_,enrolled,Caucasian
Caucasian_m.036cp4/m.036cp4_0002.jpg/m.036cp4_0002.jpg,m.036cp4_0002,m.036cp4_,enrolled,Caucasian
Caucasian_m.036cp4/m.036cp4_0003.jpg/m.036cp4_0003.jpg,m.036cp4_0003,m.036cp4_,enrolled,Caucasian
Caucasian_m.03k95p/m.03k95p_0001.jpg/m.03k95p_0001.jpg,m.03k95p_0001,m.03k95p_,enrolled,Caucasian
Caucasian_m.03k95p/m.03k95p_0002.jpg/m.03k95p_0002.jpg,m.03k95p_0002,m.03k95p_,enrolled,Caucasian
Caucasian_m.03qftfq/m.03qftfq_0004.jpg/m.03qftfq_0004.jpg,m.03qftfq_0004,m.03qftfq_,enrolled,Caucasian
Caucasian_m.03qftfq/m.03qftfq_0005.jpg/m.03qftfq_0005.jpg,m.03qftfq_0005,m.03qftfq_,enrolled,Caucasian
Caucasian_m.047mvxn/m.047mvxn_0001.jpg/m.047mvxn_0001.jpg,m.047mvxn_0001,m.047mvxn_,enrolled,Caucasian
Caucasian_m.047mvxn/m.047mvxn_0004.jpg/m.047mvxn_0004.jpg,m.047mvxn_0004,m.047mvxn_,enrolled,Caucasian
Caucasian_m.047qk72/m.047qk72_0002.jpg/m.047qk72_0002.jpg,m.047qk72_0002,m.047qk72_,enrolled,Caucasian
Caucasian_m.047qk72/m.047qk72_0003.jpg/m.047qk72_0003.jpg,m.047qk72_0003,m.047qk72_,enrolled,Caucasian
Caucasian_m.04t04m/m.04t04m_0001.jpg/m.04t04m_0001.jpg,m.04t04m_0001,m.04t04m_,enrolled,Caucasian
Caucasian_m.04t04m/m.04t04m_0002.jpg/m.04t04m_0002.jpg,m.04t04m_0002,m.04t04m_,enrolled,Caucasian
Caucasian_m.04vq3h/m.04vq3h_0004.jpg/m.04vq3h_0004.jpg,m.04vq3h_0004,m.04vq3h_,enrolled,Caucasian
Caucasian_m.04vq3h/m.04vq3h_0006.jpg/m.04vq3h_0006.jpg,m.04vq3h_0006,m.04vq3h_,enrolled,Caucasian
Caucasian_m.04w9ky/m.04w9ky_0001.jpg/m.04w9ky_0001.jpg,m.04w9ky_0001,m.04w9ky_,enrolled,Caucasian
Caucasian_m.04w9ky/m.04w9ky_0002.jpg/m.04w9ky_0002.jpg,m.04w9ky_0002,m.04w9ky_,enrolled,Caucasian
Caucasian_m.04zbq8/m.04zbq8_0003.jpg/m.04zbq8_0003.jpg,m.04zbq8_0003,m.04zbq8_,enrolled,Caucasian
Caucasian_m.04zbq8/m.04zbq8_0004.jpg/m.04zbq8_0004.jpg,m.04zbq8_0004,m.04zbq8_,enrolled,Caucasian
Caucasian_m.04zz2t/m.04zz2t_0002.jpg/m.04zz2t_0002.jpg,m.04zz2t_0002,m.04zz2t_,enrolled,Caucasian
Caucasian_m.04zz2t/m.04zz2t_0003.jpg/m.04zz2t_0003.jpg,m.04zz2t_0003,m.04zz2t_,enrolled,Caucasian
Caucasian_m.04_ct7/m.04_ct7_0001.jpg/m.04_ct7_0001.jpg,m.04_ct7_0001,m.04_ct7_,enrolled,Caucasian
Caucasian_m.04_ct7/m.04_ct7_0004.jpg/m.04_ct7_0004.jpg,m.04_ct7_0004,m.04_ct7_,enrolled,Caucasian
Caucasian_m.059t6d/m.059t6d_0002.jpg/m.059t6d_0002.jpg,m.059t6d_0002,m.059t6d_,enrolled,Caucasian
Caucasian_m.059t6d/m.059t6d_0003.jpg/m.059t6d_0003.jpg,m.059t6d_0003,m.059t6d_,enrolled,Caucasian
Caucasian_m.05bd3h/m.05bd3h_0002.jpg/m.05bd3h_0002.jpg,m.05bd3h_0002,m.05bd3h_,enrolled,Caucasian
Caucasian_m.05bd3h/m.05bd3h_0003.jpg/m.05bd3h_0003.jpg,m.05bd3h_0003,m.05bd3h_,enrolled,Caucasian
Caucasian_m.05nzzv/m.05nzzv_0001.jpg/m.05nzzv_0001.jpg,m.05nzzv_0001,m.05nzzv_,enrolled,Caucasian
Caucasian_m.05nzzv/m.05nzzv_0003.jpg/m.05nzzv_0003.jpg,m.05nzzv_0003,m.05nzzv_,enrolled,Caucasian
Caucasian_m.05vqg/m.05vqg_0001.jpg/m.05vqg_0001.jpg,m.05vqg_0001,m.05vqg_,enrolled,Caucasian
Caucasian_m.05vqg/m.05vqg_0002.jpg/m.05vqg_0002.jpg,m.05vqg_0002,m.05vqg_,enrolled,Caucasian
Caucasian_m.06fqnk/m.06fqnk_0001.jpg/m.06fqnk_0001.jpg,m.06fqnk_0001,m.06fqnk_,enrolled,Caucasian
Caucasian_m.06fqnk/m.06fqnk_0004.jpg/m.06fqnk_0004.jpg,m.06fqnk_0004,m.06fqnk_,enrolled,Caucasian
Caucasian_m.06frb1/m.06frb1_0001.jpg/m.06frb1_0001.jpg,m.06frb1_0001,m.06frb1_,enrolled,Caucasian
Caucasian_m.06frb1/m.06frb1_0003.jpg/m.06frb1_0003.jpg,m.06frb1_0003,m.06frb1_,enrolled,Caucasian
Caucasian_m.06g9_t/m.06g9_t_0002.jpg/m.06g9_t_0002.jpg,m.06g9_t_0002,m.06g9_t_,enrolled,Caucasian
Caucasian_m.06g9_t/m.06g9_t_0003.jpg/m.06g9_t_0003.jpg,m.06g9_t_0003,m.06g9_t_,enrolled,Caucasian
Caucasian_m.06t641/m.06t641_0001.jpg/m.06t641_0001.jpg,m.06t641_0001,m.06t641_,enrolled,Caucasian
Caucasian_m.06t641/m.06t641_0002.jpg/m.06t641_0002.jpg,m.06t641_0002,m.06t641_,enrolled,Caucasian
Caucasian_m.06xtd_/m.06xtd__0001.jpg/m.06xtd__0001.jpg,m.06xtd__0001,m.06xtd__,enrolled,Caucasian
Caucasian_m.06xtd_/m.06xtd__0003.jpg/m.06xtd__0003.jpg,m.06xtd__0003,m.06xtd__,enrolled,Caucasian
Caucasian_m.06zq52/m.06zq52_0002.jpg/m.06zq52_0002.jpg,m.06zq52_0002,m.06zq52_,enrolled,Caucasian
Caucasian_m.06zq52/m.06zq52_0003.jpg/m.06zq52_0003.jpg,m.06zq52_0003,m.06zq52_,enrolled,Caucasian
Caucasian_m.06zq52/m.06zq52_0005.jpg/m.06zq52_0005.jpg,m.06zq52_0005,m.06zq52_,enrolled,Caucasian
Caucasian_m.06_mt7/m.06_mt7_0002.jpg/m.06_mt7_0002.jpg,m.06_mt7_0002,m.06_mt7_,enrolled,Caucasian
Caucasian_m.06_mt7/m.06_mt7_0003.jpg/m.06_mt7_0003.jpg,m.06_mt7_0003,m.06_mt7_,enrolled,Caucasian
Caucasian_m.07g7kn/m.07g7kn_0003.jpg/m.07g7kn_0003.jpg,m.07g7kn_0003,m.07g7kn_,enrolled,Caucasian
Caucasian_m.07g7kn/m.07g7kn_0004.jpg/m.07g7kn_0004.jpg,m.07g7kn_0004,m.07g7kn_,enrolled,Caucasian
Caucasian_m.07h1f1/m.07h1f1_0001.jpg/m.07h1f1_0001.jpg,m.07h1f1_0001,m.07h1f1_,enrolled,Caucasian
Caucasian_m.07h1f1/m.07h1f1_0004.jpg/m.07h1f1_0004.jpg,m.07h1f1_0004,m.07h1f1_,enrolled,Caucasian
Caucasian_m.07xhz6/m.07xhz6_0003.jpg/m.07xhz6_0003.jpg,m.07xhz6_0003,m.07xhz6_,enrolled,Caucasian
Caucasian_m.07xhz6/m.07xhz6_0005.jpg/m.07xhz6_0005.jpg,m.07xhz6_0005,m.07xhz6_,enrolled,Caucasian
Caucasian_m.07zsbv/m.07zsbv_0001.jpg/m.07zsbv_0001.jpg,m.07zsbv_0001,m.07zsbv_,enrolled,Caucasian
Caucasian_m.07zsbv/m.07zsbv_0002.jpg/m.07zsbv_0002.jpg,m.07zsbv_0002,m.07zsbv_,enrolled,Caucasian
Caucasian_m.084qjy/m.084qjy_0001.jpg/m.084qjy_0001.jpg,m.084qjy_0001,m.084qjy_,enrolled,Caucasian
Caucasian_m.084qjy/m.084qjy_0002.jpg/m.084qjy_0002.jpg,m.084qjy_0002,m.084qjy_,enrolled,Caucasian
Caucasian_m.0883zh/m.0883zh_0002.jpg/m.0883zh_0002.jpg,m.0883zh_0002,m.0883zh_,enrolled,Caucasian
Caucasian_m.0883zh/m.0883zh_0004.jpg/m.0883zh_0004.jpg,m.0883zh_0004,m.0883zh_,enrolled,Caucasian
Caucasian_m.08dhgx/m.08dhgx_0001.jpg/m.08dhgx_0001.jpg,m.08dhgx_0001,m.08dhgx_,enrolled,Caucasian
Caucasian_m.08dhgx/m.08dhgx_0002.jpg/m.08dhgx_0002.jpg,m.08dhgx_0002,m.08dhgx_,enrolled,Caucasian
Caucasian_m.08dhmf/m.08dhmf_0001.jpg/m.08dhmf_0001.jpg,m.08dhmf_0001,m.08dhmf_,enrolled,Caucasian
Caucasian_m.08dhmf/m.08dhmf_0004.jpg/m.08dhmf_0004.jpg,m.08dhmf_0004,m.08dhmf_,enrolled,Caucasian
Caucasian_m.08mggv/m.08mggv_0003.jpg/m.08mggv_0003.jpg,m.08mggv_0003,m.08mggv_,enrolled,Caucasian
Caucasian_m.08mggv/m.08mggv_0005.jpg/m.08mggv_0005.jpg,m.08mggv_0005,m.08mggv_,enrolled,Caucasian
Caucasian_m.09jfhz/m.09jfhz_0001.jpg/m.09jfhz_0001.jpg,m.09jfhz_0001,m.09jfhz_,enrolled,Caucasian
Caucasian_m.09jfhz/m.09jfhz_0003.jpg/m.09jfhz_0003.jpg,m.09jfhz_0003,m.09jfhz_,enrolled,Caucasian
Caucasian_m.09r1n7/m.09r1n7_0001.jpg/m.09r1n7_0001.jpg,m.09r1n7_0001,m.09r1n7_,enrolled,Caucasian
Caucasian_m.09r1n7/m.09r1n7_0003.jpg/m.09r1n7_0003.jpg,m.09r1n7_0003,m.09r1n7_,enrolled,Caucasian
Caucasian_m.09wsvh/m.09wsvh_0001.jpg/m.09wsvh_0001.jpg,m.09wsvh_0001,m.09wsvh_,enrolled,Caucasian
Caucasian_m.09wsvh/m.09wsvh_0003.jpg/m.09wsvh_0003.jpg,m.09wsvh_0003,m.09wsvh_,enrolled,Caucasian
Caucasian_m.0bh9pqh/m.0bh9pqh_0002.jpg/m.0bh9pqh_0002.jpg,m.0bh9pqh_0002,m.0bh9pqh_,enrolled,Caucasian
Caucasian_m.0bh9pqh/m.0bh9pqh_0005.jpg/m.0bh9pqh_0005.jpg,m.0bh9pqh_0005,m.0bh9pqh_,enrolled,Caucasian
Caucasian_m.0brpvb/m.0brpvb_0002.jpg/m.0brpvb_0002.jpg,m.0brpvb_0002,m.0brpvb_,enrolled,Caucasian
Caucasian_m.0brpvb/m.0brpvb_0003.jpg/m.0brpvb_0003.jpg,m.0brpvb_0003,m.0brpvb_,enrolled,Caucasian
Caucasian_m.0bs1_8b/m.0bs1_8b_0001.jpg/m.0bs1_8b_0001.jpg,m.0bs1_8b_0001,m.0bs1_8b_,enrolled,Caucasian
Caucasian_m.0bs1_8b/m.0bs1_8b_0002.jpg/m.0bs1_8b_0002.jpg,m.0bs1_8b_0002,m.0bs1_8b_,enrolled,Caucasian
Caucasian_m.0c998h/m.0c998h_0001.jpg/m.0c998h_0001.jpg,m.0c998h_0001,m.0c998h_,enrolled,Caucasian
Caucasian_m.0c998h/m.0c998h_0002.jpg/m.0c998h_0002.jpg,m.0c998h_0002,m.0c998h_,enrolled,Caucasian
Caucasian_m.0ch929y/m.0ch929y_0001.jpg/m.0ch929y_0001.jpg,m.0ch929y_0001,m.0ch929y_,enrolled,Caucasian
Caucasian_m.0ch929y/m.0ch929y_0002.jpg/m.0ch929y_0002.jpg,m.0ch929y_0002,m.0ch929y_,enrolled,Caucasian
Caucasian_m.0dbxj/m.0dbxj_0001.jpg/m.0dbxj_0001.jpg,m.0dbxj_0001,m.0dbxj_,enrolled,Caucasian
Caucasian_m.0dbxj/m.0dbxj_0004.jpg/m.0dbxj_0004.jpg,m.0dbxj_0004,m.0dbxj_,enrolled,Caucasian
Caucasian_m.0dfll4/m.0dfll4_0001.jpg/m.0dfll4_0001.jpg,m.0dfll4_0001,m.0dfll4_,enrolled,Caucasian
Caucasian_m.0dfll4/m.0dfll4_0005.jpg/m.0dfll4_0005.jpg,m.0dfll4_0005,m.0dfll4_,enrolled,Caucasian
Caucasian_m.0dg0v6/m.0dg0v6_0002.jpg/m.0dg0v6_0002.jpg,m.0dg0v6_0002,m.0dg0v6_,enrolled,Caucasian
Caucasian_m.0dg0v6/m.0dg0v6_0003.jpg/m.0dg0v6_0003.jpg,m.0dg0v6_0003,m.0dg0v6_,enrolled,Caucasian
Caucasian_m.0gv2zl/m.0gv2zl_0001.jpg/m.0gv2zl_0001.jpg,m.0gv2zl_0001,m.0gv2zl_,enrolled,Caucasian
Caucasian_m.0gv2zl/m.0gv2zl_0002.jpg/m.0gv2zl_0002.jpg,m.0gv2zl_0002,m.0gv2zl_,enrolled,Caucasian
Caucasian_m.0gyt6gp/m.0gyt6gp_0002.jpg/m.0gyt6gp_0002.jpg,m.0gyt6gp_0002,m.0gyt6gp_,enrolled,Caucasian
Caucasian_m.0gyt6gp/m.0gyt6gp_0003.jpg/m.0gyt6gp_0003.jpg,m.0gyt6gp_0003,m.0gyt6gp_,enrolled,Caucasian
Caucasian_m.0h5m26/m.0h5m26_0001.jpg/m.0h5m26_0001.jpg,m.0h5m26_0001,m.0h5m26_,enrolled,Caucasian
Caucasian_m.0h5m26/m.0h5m26_0003.jpg/m.0h5m26_0003.jpg,m.0h5m26_0003,m.0h5m26_,enrolled,Caucasian
Caucasian_m.0j_6nsk/m.0j_6nsk_0003.jpg/m.0j_6nsk_0003.jpg,m.0j_6nsk_0003,m.0j_6nsk_,enrolled,Caucasian
Caucasian_m.0j_6nsk/m.0j_6nsk_0004.jpg/m.0j_6nsk_0004.jpg,m.0j_6nsk_0004,m.0j_6nsk_,enrolled,Caucasian
Caucasian_m.0kg1zcd/m.0kg1zcd_0001.jpg/m.0kg1zcd_0001.jpg,m.0kg1zcd_0001,m.0kg1zcd_,enrolled,Caucasian
Caucasian_m.0kg1zcd/m.0kg1zcd_0003.jpg/m.0kg1zcd_0003.jpg,m.0kg1zcd_0003,m.0kg1zcd_,enrolled,Caucasian
Indian_m.018fkc/m.018fkc_0001.jpg/m.018fkc_0001.jpg,m.018fkc_0001,m.018fkc_,enrolled,Indian
Indian_m.018fkc/m.018fkc_0003.jpg/m.018fkc_0003.jpg,m.018fkc_0003,m.018fkc_,enrolled,Indian
Indian_m.019fxc/m.019fxc_0001.jpg/m.019fxc_0001.jpg,m.019fxc_0001,m.019fxc_,enrolled,Indian
Indian_m.019fxc/m.019fxc_0003.jpg/m.019fxc_0003.jpg,m.019fxc_0003,m.019fxc_,enrolled,Indian
Indian_m.01r507s/m.01r507s_0002.jpg/m.01r507s_0002.jpg,m.01r507s_0002,m.01r507s_,enrolled,Indian
Indian_m.01r507s/m.01r507s_0003.jpg/m.01r507s_0003.jpg,m.01r507s_0003,m.01r507s_,enrolled,Indian
Indian_m.01t23c/m.01t23c_0001.jpg/m.01t23c_0001.jpg,m.01t23c_0001,m.01t23c_,enrolled,Indian
Indian_m.01t23c/m.01t23c_0003.jpg/m.01t23c_0003.jpg,m.01t23c_0003,m.01t23c_,enrolled,Indian
Indian_m.01vb5r/m.01vb5r_0001.jpg/m.01vb5r_0001.jpg,m.01vb5r_0001,m.01vb5r_,enrolled,Indian
Indian_m.01vb5r/m.01vb5r_0003.jpg/m.01vb5r_0003.jpg,m.01vb5r_0003,m.01vb5r_,enrolled,Indian
Indian_m.01vd4rn/m.01vd4rn_0002.jpg/m.01vd4rn_0002.jpg,m.01vd4rn_0002,m.01vd4rn_,enrolled,Indian
Indian_m.01vd4rn/m.01vd4rn_0004.jpg/m.01vd4rn_0004.jpg,m.01vd4rn_0004,m.01vd4rn_,enrolled,Indian
Indian_m.01wtnrb/m.01wtnrb_0005.jpg/m.01wtnrb_0005.jpg,m.01wtnrb_0005,m.01wtnrb_,enrolled,Indian
Indian_m.01wtnrb/m.01wtnrb_0006.jpg/m.01wtnrb_0006.jpg,m.01wtnrb_0006,m.01wtnrb_,enrolled,Indian
Indian_m.01x9_q/m.01x9_q_0002.jpg/m.01x9_q_0002.jpg,m.01x9_q_0002,m.01x9_q_,enrolled,Indian
Indian_m.01x9_q/m.01x9_q_0003.jpg/m.01x9_q_0003.jpg,m.01x9_q_0003,m.01x9_q_,enrolled,Indian
Indian_m.025yyhq/m.025yyhq_0001.jpg/m.025yyhq_0001.jpg,m.025yyhq_0001,m.025yyhq_,enrolled,Indian
Indian_m.025yyhq/m.025yyhq_0005.jpg/m.025yyhq_0005.jpg,m.025yyhq_0005,m.025yyhq_,enrolled,Indian
Indian_m.02650q9/m.02650q9_0003.jpg/m.02650q9_0003.jpg,m.02650q9_0003,m.02650q9_,enrolled,Indian
Indian_m.02650q9/m.02650q9_0004.jpg/m.02650q9_0004.jpg,m.02650q9_0004,m.02650q9_,enrolled,Indian
Indian_m.0271dpr/m.0271dpr_0001.jpg/m.0271dpr_0001.jpg,m.0271dpr_0001,m.0271dpr_,enrolled,Indian
Indian_m.0271dpr/m.0271dpr_0002.jpg/m.0271dpr_0002.jpg,m.0271dpr_0002,m.0271dpr_,enrolled,Indian
Indian_m.0271zv7/m.0271zv7_0002.jpg/m.0271zv7_0002.jpg,m.0271zv7_0002,m.0271zv7_,enrolled,Indian
Indian_m.0271zv7/m.0271zv7_0003.jpg/m.0271zv7_0003.jpg,m.0271zv7_0003,m.0271zv7_,enrolled,Indian
Indian_m.0276w0t/m.0276w0t_0003.jpg/m.0276w0t_0003.jpg,m.0276w0t_0003,m.0276w0t_,enrolled,Indian
Indian_m.0276w0t/m.0276w0t_0004.jpg/m.0276w0t_0004.jpg,m.0276w0t_0004,m.0276w0t_,enrolled,Indian
Indian_m.02780sm/m.02780sm_0003.jpg/m.02780sm_0003.jpg,m.02780sm_0003,m.02780sm_,enrolled,Indian
Indian_m.02780sm/m.02780sm_0004.jpg/m.02780sm_0004.jpg,m.02780sm_0004,m.02780sm_,enrolled,Indian
Indian_m.027q5vk/m.027q5vk_0003.jpg/m.027q5vk_0003.jpg,m.027q5vk_0003,m.027q5vk_,enrolled,Indian
Indian_m.027q5vk/m.027q5vk_0004.jpg/m.027q5vk_0004.jpg,m.027q5vk_0004,m.027q5vk_,enrolled,Indian
Indian_m.027wj9j/m.027wj9j_0002.jpg/m.027wj9j_0002.jpg,m.027wj9j_0002,m.027wj9j_,enrolled,Indian
Indian_m.027wj9j/m.027wj9j_0003.jpg/m.027wj9j_0003.jpg,m.027wj9j_0003,m.027wj9j_,enrolled,Indian
Indian_m.027ztj2/m.027ztj2_0002.jpg/m.027ztj2_0002.jpg,m.027ztj2_0002,m.027ztj2_,enrolled,Indian
Indian_m.027ztj2/m.027ztj2_0003.jpg/m.027ztj2_0003.jpg,m.027ztj2_0003,m.027ztj2_,enrolled,Indian
Indian_m.0281mp2/m.0281mp2_0002.jpg/m.0281mp2_0002.jpg,m.0281mp2_0002,m.0281mp2_,enrolled,Indian
Indian_m.0281mp2/m.0281mp2_0004.jpg/m.0281mp2_0004.jpg,m.0281mp2_0004,m.0281mp2_,enrolled,Indian
Indian_m.0288m_h/m.0288m_h_0002.jpg/m.0288m_h_0002.jpg,m.0288m_h_0002,m.0288m_h_,enrolled,Indian
Indian_m.0288m_h/m.0288m_h_0003.jpg/m.0288m_h_0003.jpg,m.0288m_h_0003,m.0288m_h_,enrolled,Indian
Indian_m.02dh5d/m.02dh5d_0001.jpg/m.02dh5d_0001.jpg,m.02dh5d_0001,m.02dh5d_,enrolled,Indian
Indian_m.02dh5d/m.02dh5d_0003.jpg/m.02dh5d_0003.jpg,m.02dh5d_0003,m.02dh5d_,enrolled,Indian
Indian_m.02dh5d/m.02dh5d_0004.jpg/m.02dh5d_0004.jpg,m.02dh5d_0004,m.02dh5d_,enrolled,Indian
Indian_m.02qnj9h/m.02qnj9h_0002.jpg/m.02qnj9h_0002.jpg,m.02qnj9h_0002,m.02qnj9h_,enrolled,Indian
Indian_m.02qnj9h/m.02qnj9h_0004.jpg/m.02qnj9h_0004.jpg,m.02qnj9h_0004,m.02qnj9h_,enrolled,Indian
Indian_m.02w2_m6/m.02w2_m6_0001.jpg/m.02w2_m6_0001.jpg,m.02w2_m6_0001,m.02w2_m6_,enrolled,Indian
Indian_m.02w2_m6/m.02w2_m6_0003.jpg/m.02w2_m6_0003.jpg,m.02w2_m6_0003,m.02w2_m6_,enrolled,Indian
Indian_m.02w2_m6/m.02w2_m6_0005.jpg/m.02w2_m6_0005.jpg,m.02w2_m6_0005,m.02w2_m6_,enrolled,Indian
Indian_m.02_11j/m.02_11j_0002.jpg/m.02_11j_0002.jpg,m.02_11j_0002,m.02_11j_,enrolled,Indian
Indian_m.02_11j/m.02_11j_0003.jpg/m.02_11j_0003.jpg,m.02_11j_0003,m.02_11j_,enrolled,Indian
Indian_m.02_11j/m.02_11j_0004.jpg/m.02_11j_0004.jpg,m.02_11j_0004,m.02_11j_,enrolled,Indian
Indian_m.03c6hwt/m.03c6hwt_0001.jpg/m.03c6hwt_0001.jpg,m.03c6hwt_0001,m.03c6hwt_,enrolled,Indian
Indian_m.03c6hwt/m.03c6hwt_0003.jpg/m.03c6hwt_0003.jpg,m.03c6hwt_0003,m.03c6hwt_,enrolled,Indian
Indian_m.03h4g94/m.03h4g94_0002.jpg/m.03h4g94_0002.jpg,m.03h4g94_0002,m.03h4g94_,enrolled,Indian
Indian_m.03h4g94/m.03h4g94_0003.jpg/m.03h4g94_0003.jpg,m.03h4g94_0003,m.03h4g94_,enrolled,Indian
Indian_m.03nwyvw/m.03nwyvw_0002.jpg/m.03nwyvw_0002.jpg,m.03nwyvw_0002,m.03nwyvw_,enrolled,Indian
Indian_m.03nwyvw/m.03nwyvw_0003.jpg/m.03nwyvw_0003.jpg,m.03nwyvw_0003,m.03nwyvw_,enrolled,Indian
Indian_m.03vrnh/m.03vrnh_0003.jpg/m.03vrnh_0003.jpg,m.03vrnh_0003,m.03vrnh_,enrolled,Indian
Indian_m.03vrnh/m.03vrnh_0004.jpg/m.03vrnh_0004.jpg,m.03vrnh_0004,m.03vrnh_,enrolled,Indian
Indian_m.03y_np/m.03y_np_0001.jpg/m.03y_np_0001.jpg,m.03y_np_0001,m.03y_np_,enrolled,Indian
Indian_m.03y_np/m.03y_np_0003.jpg/m.03y_np_0003.jpg,m.03y_np_0003,m.03y_np_,enrolled,Indian
Indian_m.043lt8x/m.043lt8x_0003.jpg/m.043lt8x_0003.jpg,m.043lt8x_0003,m.043lt8x_,enrolled,Indian
Indian_m.043lt8x/m.043lt8x_0006.jpg/m.043lt8x_0006.jpg,m.043lt8x_0006,m.043lt8x_,enrolled,Indian
Indian_m.049z24/m.049z24_0001.jpg/m.049z24_0001.jpg,m.049z24_0001,m.049z24_,enrolled,Indian
Indian_m.049z24/m.049z24_0003.jpg/m.049z24_0003.jpg,m.049z24_0003,m.049z24_,enrolled,Indian
Indian_m.04hc88/m.04hc88_0001.jpg/m.04hc88_0001.jpg,m.04hc88_0001,m.04hc88_,enrolled,Indian
Indian_m.04hc88/m.04hc88_0003.jpg/m.04hc88_0003.jpg,m.04hc88_0003,m.04hc88_,enrolled,Indian
Indian_m.04jh99_/m.04jh99__0001.jpg/m.04jh99__0001.jpg,m.04jh99__0001,m.04jh99__,enrolled,Indian
Indian_m.04jh99_/m.04jh99__0003.jpg/m.04jh99__0003.jpg,m.04jh99__0003,m.04jh99__,enrolled,Indian
Indian_m.0507z9/m.0507z9_0001.jpg/m.0507z9_0001.jpg,m.0507z9_0001,m.0507z9_,enrolled,Indian
Indian_m.0507z9/m.0507z9_0002.jpg/m.0507z9_0002.jpg,m.0507z9_0002,m.0507z9_,enrolled,Indian
Indian_m.0507z9/m.0507z9_0003.jpg/m.0507z9_0003.jpg,m.0507z9_0003,m.0507z9_,enrolled,Indian
Indian_m.0515p2/m.0515p2_0001.jpg/m.0515p2_0001.jpg,m.0515p2_0001,m.0515p2_,enrolled,Indian
Indian_m.0515p2/m.0515p2_0002.jpg/m.0515p2_0002.jpg,m.0515p2_0002,m.0515p2_,enrolled,Indian
Indian_m.0515p2/m.0515p2_0003.jpg/m.0515p2_0003.jpg,m.0515p2_0003,m.0515p2_,enrolled,Indian
Indian_m.0523j0d/m.0523j0d_0002.jpg/m.0523j0d_0002.jpg,m.0523j0d_0002,m.0523j0d_,enrolled,Indian
Indian_m.0523j0d/m.0523j0d_0003.jpg/m.0523j0d_0003.jpg,m.0523j0d_0003,m.0523j0d_,enrolled,Indian
Indian_m.056g_3/m.056g_3_0001.jpg/m.056g_3_0001.jpg,m.056g_3_0001,m.056g_3_,enrolled,Indian
Indian_m.056g_3/m.056g_3_0004.jpg/m.056g_3_0004.jpg,m.056g_3_0004,m.056g_3_,enrolled,Indian
Indian_m.0573tj8/m.0573tj8_0001.jpg/m.0573tj8_0001.jpg,m.0573tj8_0001,m.0573tj8_,enrolled,Indian
Indian_m.0573tj8/m.0573tj8_0002.jpg/m.0573tj8_0002.jpg,m.0573tj8_0002,m.0573tj8_,enrolled,Indian
Indian_m.05b5fqc/m.05b5fqc_0001.jpg/m.05b5fqc_0001.jpg,m.05b5fqc_0001,m.05b5fqc_,enrolled,Indian
Indian_m.05b5fqc/m.05b5fqc_0003.jpg/m.05b5fqc_0003.jpg,m.05b5fqc_0003,m.05b5fqc_,enrolled,Indian
Indian_m.05mz553/m.05mz553_0001.jpg/m.05mz553_0001.jpg,m.05mz553_0001,m.05mz553_,enrolled,Indian
Indian_m.05mz553/m.05mz553_0003.jpg/m.05mz553_0003.jpg,m.05mz553_0003,m.05mz553_,enrolled,Indian
Indian_m.05syl08/m.05syl08_0003.jpg/m.05syl08_0003.jpg,m.05syl08_0003,m.05syl08_,enrolled,Indian
Indian_m.05syl08/m.05syl08_0004.jpg/m.05syl08_0004.jpg,m.05syl08_0004,m.05syl08_,enrolled,Indian
Indian_m.05y481w/m.05y481w_0001.jpg/m.05y481w_0001.jpg,m.05y481w_0001,m.05y481w_,enrolled,Indian
Indian_m.05y481w/m.05y481w_0004.jpg/m.05y481w_0004.jpg,m.05y481w_0004,m.05y481w_,enrolled,Indian
Indian_m.05zpwz8/m.05zpwz8_0002.jpg/m.05zpwz8_0002.jpg,m.05zpwz8_0002,m.05zpwz8_,enrolled,Indian
Indian_m.05zpwz8/m.05zpwz8_0004.jpg/m.05zpwz8_0004.jpg,m.05zpwz8_0004,m.05zpwz8_,enrolled,Indian
Indian_m.05zvn75/m.05zvn75_0001.jpg/m.05zvn75_0001.jpg,m.05zvn75_0001,m.05zvn75_,enrolled,Indian
Indian_m.05zvn75/m.05zvn75_0004.jpg/m.05zvn75_0004.jpg,m.05zvn75_0004,m.05zvn75_,enrolled,Indian
Indian_m.064q1pj/m.064q1pj_0001.jpg/m.064q1pj_0001.jpg,m.064q1pj_0001,m.064q1pj_,enrolled,Indian
Indian_m.064q1pj/m.064q1pj_0002.jpg/m.064q1pj_0002.jpg,m.064q1pj_0002,m.064q1pj_,enrolled,Indian
Indian_m.064q1pj/m.064q1pj_0003.jpg/m.064q1pj_0003.jpg,m.064q1pj_0003,m.064q1pj_,enrolled,Indian
Indian_m.06gzx6/m.06gzx6_0003.jpg/m.06gzx6_0003.jpg,m.06gzx6_0003,m.06gzx6_,enrolled,Indian
Indian_m.06gzx6/m.06gzx6_0004.jpg/m.06gzx6_0004.jpg,m.06gzx6_0004,m.06gzx6_,enrolled,Indian
Indian_m.06jdb3/m.06jdb3_0001.jpg/m.06jdb3_0001.jpg,m.06jdb3_0001,m.06jdb3_,enrolled,Indian
Indian_m.06jdb3/m.06jdb3_0002.jpg/m.06jdb3_0002.jpg,m.06jdb3_0002,m.06jdb3_,enrolled,Indian
Indian_m.06w62z5/m.06w62z5_0001.jpg/m.06w62z5_0001.jpg,m.06w62z5_0001,m.06w62z5_,enrolled,Indian
Indian_m.06w62z5/m.06w62z5_0004.jpg/m.06w62z5_0004.jpg,m.06w62z5_0004,m.06w62z5_,enrolled,Indian
Indian_m.06znml3/m.06znml3_0002.jpg/m.06znml3_0002.jpg,m.06znml3_0002,m.06znml3_,enrolled,Indian
Indian_m.06znml3/m.06znml3_0003.jpg/m.06znml3_0003.jpg,m.06znml3_0003,m.06znml3_,enrolled,Indian
Indian_m.06znml3/m.06znml3_0004.jpg/m.06znml3_0004.jpg,m.06znml3_0004,m.06znml3_,enrolled,Indian
Indian_m.076ykl1/m.076ykl1_0001.jpg/m.076ykl1_0001.jpg,m.076ykl1_0001,m.076ykl1_,enrolled,Indian
Indian_m.076ykl1/m.076ykl1_0004.jpg/m.076ykl1_0004.jpg,m.076ykl1_0004,m.076ykl1_,enrolled,Indian
Indian_m.07rn0z/m.07rn0z_0001.jpg/m.07rn0z_0001.jpg,m.07rn0z_0001,m.07rn0z_,enrolled,Indian
Indian_m.07rn0z/m.07rn0z_0002.jpg/m.07rn0z_0002.jpg,m.07rn0z_0002,m.07rn0z_,enrolled,Indian
Indian_m.07rn0z/m.07rn0z_0003.jpg/m.07rn0z_0003.jpg,m.07rn0z_0003,m.07rn0z_,enrolled,Indian
Indian_m.086zzh/m.086zzh_0001.jpg/m.086zzh_0001.jpg,m.086zzh_0001,m.086zzh_,enrolled,Indian
Indian_m.086zzh/m.086zzh_0002.jpg/m.086zzh_0002.jpg,m.086zzh_0002,m.086zzh_,enrolled,Indian
Indian_m.089qxv/m.089qxv_0002.jpg/m.089qxv_0002.jpg,m.089qxv_0002,m.089qxv_,enrolled,Indian
Indian_m.089qxv/m.089qxv_0004.jpg/m.089qxv_0004.jpg,m.089qxv_0004,m.089qxv_,enrolled,Indian
Indian_m.08js5f/m.08js5f_0002.jpg/m.08js5f_0002.jpg,m.08js5f_0002,m.08js5f_,enrolled,Indian
Indian_m.08js5f/m.08js5f_0003.jpg/m.08js5f_0003.jpg,m.08js5f_0003,m.08js5f_,enrolled,Indian
Indian_m.08ny5g/m.08ny5g_0001.jpg/m.08ny5g_0001.jpg,m.08ny5g_0001,m.08ny5g_,enrolled,Indian
Indian_m.08ny5g/m.08ny5g_0004.jpg/m.08ny5g_0004.jpg,m.08ny5g_0004,m.08ny5g_,enrolled,Indian
Indian_m.08pcth/m.08pcth_0001.jpg/m.08pcth_0001.jpg,m.08pcth_0001,m.08pcth_,enrolled,Indian
Indian_m.08pcth/m.08pcth_0003.jpg/m.08pcth_0003.jpg,m.08pcth_0003,m.08pcth_,enrolled,Indian
Indian_m.09cknn/m.09cknn_0001.jpg/m.09cknn_0001.jpg,m.09cknn_0001,m.09cknn_,enrolled,Indian
Indian_m.09cknn/m.09cknn_0002.jpg/m.09cknn_0002.jpg,m.09cknn_0002,m.09cknn_,enrolled,Indian
Indian_m.09g6j79/m.09g6j79_0001.jpg/m.09g6j79_0001.jpg,m.09g6j79_0001,m.09g6j79_,enrolled,Indian
Indian_m.09g6j79/m.09g6j79_0003.jpg/m.09g6j79_0003.jpg,m.09g6j79_0003,m.09g6j79_,enrolled,Indian
Indian_m.09g6nzh/m.09g6nzh_0001.jpg/m.09g6nzh_0001.jpg,m.09g6nzh_0001,m.09g6nzh_,enrolled,Indian
Indian_m.09g6nzh/m.09g6nzh_0002.jpg/m.09g6nzh_0002.jpg,m.09g6nzh_0002,m.09g6nzh_,enrolled,Indian
Indian_m.09v7wnt/m.09v7wnt_0001.jpg/m.09v7wnt_0001.jpg,m.09v7wnt_0001,m.09v7wnt_,enrolled,Indian
Indian_m.09v7wnt/m.09v7wnt_0003.jpg/m.09v7wnt_0003.jpg,m.09v7wnt_0003,m.09v7wnt_,enrolled,Indian
Indian_m.09v7wnt/m.09v7wnt_0004.jpg/m.09v7wnt_0004.jpg,m.09v7wnt_0004,m.09v7wnt_,enrolled,Indian
Indian_m.0b6m063/m.0b6m063_0001.jpg/m.0b6m063_0001.jpg,m.0b6m063_0001,m.0b6m063_,enrolled,Indian
Indian_m.0b6m063/m.0b6m063_0003.jpg/m.0b6m063_0003.jpg,m.0b6m063_0003,m.0b6m063_,enrolled,Indian
Indian_m.0b6m063/m.0b6m063_0004.jpg/m.0b6m063_0004.jpg,m.0b6m063_0004,m.0b6m063_,enrolled,Indian
Indian_m.0br_0hp/m.0br_0hp_0001.jpg/m.0br_0hp_0001.jpg,m.0br_0hp_0001,m.0br_0hp_,enrolled,Indian
Indian_m.0br_0hp/m.0br_0hp_0003.jpg/m.0br_0hp_0003.jpg,m.0br_0hp_0003,m.0br_0hp_,enrolled,Indian
Indian_m.0bwc47/m.0bwc47_0002.jpg/m.0bwc47_0002.jpg,m.0bwc47_0002,m.0bwc47_,enrolled,Indian
Indian_m.0bwc47/m.0bwc47_0003.jpg/m.0bwc47_0003.jpg,m.0bwc47_0003,m.0bwc47_,enrolled,Indian
Indian_m.0bwcdp/m.0bwcdp_0002.jpg/m.0bwcdp_0002.jpg,m.0bwcdp_0002,m.0bwcdp_,enrolled,Indian
Indian_m.0bwcdp/m.0bwcdp_0004.jpg/m.0bwcdp_0004.jpg,m.0bwcdp_0004,m.0bwcdp_,enrolled,Indian
Indian_m.0bxzkl/m.0bxzkl_0003.jpg/m.0bxzkl_0003.jpg,m.0bxzkl_0003,m.0bxzkl_,enrolled,Indian
Indian_m.0bxzkl/m.0bxzkl_0005.jpg/m.0bxzkl_0005.jpg,m.0bxzkl_0005,m.0bxzkl_,enrolled,Indian
Indian_m.0c019qz/m.0c019qz_0001.jpg/m.0c019qz_0001.jpg,m.0c019qz_0001,m.0c019qz_,enrolled,Indian
Indian_m.0c019qz/m.0c019qz_0003.jpg/m.0c019qz_0003.jpg,m.0c019qz_0003,m.0c019qz_,enrolled,Indian
Indian_m.0c35mv/m.0c35mv_0001.jpg/m.0c35mv_0001.jpg,m.0c35mv_0001,m.0c35mv_,enrolled,Indian
Indian_m.0c35mv/m.0c35mv_0003.jpg/m.0c35mv_0003.jpg,m.0c35mv_0003,m.0c35mv_,enrolled,Indian
Indian_m.0c66kt/m.0c66kt_0001.jpg/m.0c66kt_0001.jpg,m.0c66kt_0001,m.0c66kt_,enrolled,Indian
Indian_m.0c66kt/m.0c66kt_0003.jpg/m.0c66kt_0003.jpg,m.0c66kt_0003,m.0c66kt_,enrolled,Indian
Indian_m.0c9st_/m.0c9st__0001.jpg/m.0c9st__0001.jpg,m.0c9st__0001,m.0c9st__,enrolled,Indian
Indian_m.0c9st_/m.0c9st__0002.jpg/m.0c9st__0002.jpg,m.0c9st__0002,m.0c9st__,enrolled,Indian
Indian_m.0c9st_/m.0c9st__0004.jpg/m.0c9st__0004.jpg,m.0c9st__0004,m.0c9st__,enrolled,Indian
Indian_m.0ch5k_g/m.0ch5k_g_0002.jpg/m.0ch5k_g_0002.jpg,m.0ch5k_g_0002,m.0ch5k_g_,enrolled,Indian
Indian_m.0ch5k_g/m.0ch5k_g_0003.jpg/m.0ch5k_g_0003.jpg,m.0ch5k_g_0003,m.0ch5k_g_,enrolled,Indian
Indian_m.0cmbcgn/m.0cmbcgn_0001.jpg/m.0cmbcgn_0001.jpg,m.0cmbcgn_0001,m.0cmbcgn_,enrolled,Indian
Indian_m.0cmbcgn/m.0cmbcgn_0002.jpg/m.0cmbcgn_0002.jpg,m.0cmbcgn_0002,m.0cmbcgn_,enrolled,Indian
Indian_m.0cpx9k/m.0cpx9k_0002.jpg/m.0cpx9k_0002.jpg,m.0cpx9k_0002,m.0cpx9k_,enrolled,Indian
Indian_m.0cpx9k/m.0cpx9k_0003.jpg/m.0cpx9k_0003.jpg,m.0cpx9k_0003,m.0cpx9k_,enrolled,Indian
Indian_m.0cqyvd/m.0cqyvd_0001.jpg/m.0cqyvd_0001.jpg,m.0cqyvd_0001,m.0cqyvd_,enrolled,Indian
Indian_m.0cqyvd/m.0cqyvd_0003.jpg/m.0cqyvd_0003.jpg,m.0cqyvd_0003,m.0cqyvd_,enrolled,Indian
Indian_m.0cz9bfj/m.0cz9bfj_0002.jpg/m.0cz9bfj_0002.jpg,m.0cz9bfj_0002,m.0cz9bfj_,enrolled,Indian
Indian_m.0cz9bfj/m.0cz9bfj_0004.jpg/m.0cz9bfj_0004.jpg,m.0cz9bfj_0004,m.0cz9bfj_,enrolled,Indian
Indian_m.0czbv_w/m.0czbv_w_0001.jpg/m.0czbv_w_0001.jpg,m.0czbv_w_0001,m.0czbv_w_,enrolled,Indian
Indian_m.0czbv_w/m.0czbv_w_0005.jpg/m.0czbv_w_0005.jpg,m.0czbv_w_0005,m.0czbv_w_,enrolled,Indian
Indian_m.0czf842/m.0czf842_0001.jpg/m.0czf842_0001.jpg,m.0czf842_0001,m.0czf842_,enrolled,Indian
Indian_m.0czf842/m.0czf842_0002.jpg/m.0czf842_0002.jpg,m.0czf842_0002,m.0czf842_,enrolled,Indian
Indian_m.0d9sqt/m.0d9sqt_0001.jpg/m.0d9sqt_0001.jpg,m.0d9sqt_0001,m.0d9sqt_,enrolled,Indian
Indian_m.0d9sqt/m.0d9sqt_0002.jpg/m.0d9sqt_0002.jpg,m.0d9sqt_0002,m.0d9sqt_,enrolled,Indian
Indian_m.0dd9r6w/m.0dd9r6w_0002.jpg/m.0dd9r6w_0002.jpg,m.0dd9r6w_0002,m.0dd9r6w_,enrolled,Indian
Indian_m.0dd9r6w/m.0dd9r6w_0003.jpg/m.0dd9r6w_0003.jpg,m.0dd9r6w_0003,m.0dd9r6w_,enrolled,Indian
Indian_m.0ddcnz4/m.0ddcnz4_0002.jpg/m.0ddcnz4_0002.jpg,m.0ddcnz4_0002,m.0ddcnz4_,enrolled,Indian
Indian_m.0ddcnz4/m.0ddcnz4_0003.jpg/m.0ddcnz4_0003.jpg,m.0ddcnz4_0003,m.0ddcnz4_,enrolled,Indian
Indian_m.0dlmq00/m.0dlmq00_0001.jpg/m.0dlmq00_0001.jpg,m.0dlmq00_0001,m.0dlmq00_,enrolled,Indian
Indian_m.0dlmq00/m.0dlmq00_0002.jpg/m.0dlmq00_0002.jpg,m.0dlmq00_0002,m.0dlmq00_,enrolled,Indian
Indian_m.0drw8rf/m.0drw8rf_0001.jpg/m.0drw8rf_0001.jpg,m.0drw8rf_0001,m.0drw8rf_,enrolled,Indian
Indian_m.0drw8rf/m.0drw8rf_0002.jpg/m.0drw8rf_0002.jpg,m.0drw8rf_0002,m.0drw8rf_,enrolled,Indian
Indian_m.0drw8rf/m.0drw8rf_0003.jpg/m.0drw8rf_0003.jpg,m.0drw8rf_0003,m.0drw8rf_,enrolled,Indian
Indian_m.0ds6p9k/m.0ds6p9k_0002.jpg/m.0ds6p9k_0002.jpg,m.0ds6p9k_0002,m.0ds6p9k_,enrolled,Indian
Indian_m.0ds6p9k/m.0ds6p9k_0003.jpg/m.0ds6p9k_0003.jpg,m.0ds6p9k_0003,m.0ds6p9k_,enrolled,Indian
Indian_m.0ds9z65/m.0ds9z65_0002.jpg/m.0ds9z65_0002.jpg,m.0ds9z65_0002,m.0ds9z65_,enrolled,Indian
Indian_m.0ds9z65/m.0ds9z65_0004.jpg/m.0ds9z65_0004.jpg,m.0ds9z65_0004,m.0ds9z65_,enrolled,Indian
Indian_m.0fbt2x/m.0fbt2x_0002.jpg/m.0fbt2x_0002.jpg,m.0fbt2x_0002,m.0fbt2x_,enrolled,Indian
Indian_m.0fbt2x/m.0fbt2x_0003.jpg/m.0fbt2x_0003.jpg,m.0fbt2x_0003,m.0fbt2x_,enrolled,Indian
Indian_m.0fq1rj3/m.0fq1rj3_0002.jpg/m.0fq1rj3_0002.jpg,m.0fq1rj3_0002,m.0fq1rj3_,enrolled,Indian
Indian_m.0fq1rj3/m.0fq1rj3_0003.jpg/m.0fq1rj3_0003.jpg,m.0fq1rj3_0003,m.0fq1rj3_,enrolled,Indian
Indian_m.0frcdw/m.0frcdw_0001.jpg/m.0frcdw_0001.jpg,m.0frcdw_0001,m.0frcdw_,enrolled,Indian
Indian_m.0frcdw/m.0frcdw_0002.jpg/m.0frcdw_0002.jpg,m.0frcdw_0002,m.0frcdw_,enrolled,Indian
Indian_m.0frcdw/m.0frcdw_0003.jpg/m.0frcdw_0003.jpg,m.0frcdw_0003,m.0frcdw_,enrolled,Indian
Indian_m.0g0tyq/m.0g0tyq_0001.jpg/m.0g0tyq_0001.jpg,m.0g0tyq_0001,m.0g0tyq_,enrolled,Indian
Indian_m.0g0tyq/m.0g0tyq_0002.jpg/m.0g0tyq_0002.jpg,m.0g0tyq_0002,m.0g0tyq_,enrolled,Indian
Indian_m.0g590bk/m.0g590bk_0002.jpg/m.0g590bk_0002.jpg,m.0g590bk_0002,m.0g590bk_,enrolled,Indian
Indian_m.0g590bk/m.0g590bk_0005.jpg/m.0g590bk_0005.jpg,m.0g590bk_0005,m.0g590bk_,enrolled,Indian
Indian_m.0gbz8tl/m.0gbz8tl_0002.jpg/m.0gbz8tl_0002.jpg,m.0gbz8tl_0002,m.0gbz8tl_,enrolled,Indian
Indian_m.0gbz8tl/m.0gbz8tl_0003.jpg/m.0gbz8tl_0003.jpg,m.0gbz8tl_0003,m.0gbz8tl_,enrolled,Indian
Indian_m.0gc0g81/m.0gc0g81_0001.jpg/m.0gc0g81_0001.jpg,m.0gc0g81_0001,m.0gc0g81_,enrolled,Indian
Indian_m.0gc0g81/m.0gc0g81_0003.jpg/m.0gc0g81_0003.jpg,m.0gc0g81_0003,m.0gc0g81_,enrolled,Indian
Indian_m.0gc3_jf/m.0gc3_jf_0001.jpg/m.0gc3_jf_0001.jpg,m.0gc3_jf_0001,m.0gc3_jf_,enrolled,Indian
Indian_m.0gc3_jf/m.0gc3_jf_0003.jpg/m.0gc3_jf_0003.jpg,m.0gc3_jf_0003,m.0gc3_jf_,enrolled,Indian
Indian_m.0gc5k13/m.0gc5k13_0002.jpg/m.0gc5k13_0002.jpg,m.0gc5k13_0002,m.0gc5k13_,enrolled,Indian
Indian_m.0gc5k13/m.0gc5k13_0003.jpg/m.0gc5k13_0003.jpg,m.0gc5k13_0003,m.0gc5k13_,enrolled,Indian
Indian_m.0gcv8t/m.0gcv8t_0001.jpg/m.0gcv8t_0001.jpg,m.0gcv8t_0001,m.0gcv8t_,enrolled,Indian
Indian_m.0gcv8t/m.0gcv8t_0003.jpg/m.0gcv8t_0003.jpg,m.0gcv8t_0003,m.0gcv8t_,enrolled,Indian
Indian_m.0gp8df/m.0gp8df_0002.jpg/m.0gp8df_0002.jpg,m.0gp8df_0002,m.0gp8df_,enrolled,Indian
Indian_m.0gp8df/m.0gp8df_0004.jpg/m.0gp8df_0004.jpg,m.0gp8df_0004,m.0gp8df_,enrolled,Indian
Indian_m.0gyvg5/m.0gyvg5_0001.jpg/m.0gyvg5_0001.jpg,m.0gyvg5_0001,m.0gyvg5_,enrolled,Indian
Indian_m.0gyvg5/m.0gyvg5_0003.jpg/m.0gyvg5_0003.jpg,m.0gyvg5_0003,m.0gyvg5_,enrolled,Indian
Indian_m.0h3vyzy/m.0h3vyzy_0001.jpg/m.0h3vyzy_0001.jpg,m.0h3vyzy_0001,m.0h3vyzy_,enrolled,Indian
Indian_m.0h3vyzy/m.0h3vyzy_0003.jpg/m.0h3vyzy_0003.jpg,m.0h3vyzy_0003,m.0h3vyzy_,enrolled,Indian
Indian_m.0h54y4z/m.0h54y4z_0001.jpg/m.0h54y4z_0001.jpg,m.0h54y4z_0001,m.0h54y4z_,enrolled,Indian
Indian_m.0h54y4z/m.0h54y4z_0002.jpg/m.0h54y4z_0002.jpg,m.0h54y4z_0002,m.0h54y4z_,enrolled,Indian
Indian_m.0h7qzf6/m.0h7qzf6_0001.jpg/m.0h7qzf6_0001.jpg,m.0h7qzf6_0001,m.0h7qzf6_,enrolled,Indian
Indian_m.0h7qzf6/m.0h7qzf6_0002.jpg/m.0h7qzf6_0002.jpg,m.0h7qzf6_0002,m.0h7qzf6_,enrolled,Indian
Indian_m.0hgqsb_/m.0hgqsb__0002.jpg/m.0hgqsb__0002.jpg,m.0hgqsb__0002,m.0hgqsb__,enrolled,Indian
Indian_m.0hgqsb_/m.0hgqsb__0003.jpg/m.0hgqsb__0003.jpg,m.0hgqsb__0003,m.0hgqsb__,enrolled,Indian
Indian_m.0h_c_qx/m.0h_c_qx_0002.jpg/m.0h_c_qx_0002.jpg,m.0h_c_qx_0002,m.0h_c_qx_,enrolled,Indian
Indian_m.0h_c_qx/m.0h_c_qx_0003.jpg/m.0h_c_qx_0003.jpg,m.0h_c_qx_0003,m.0h_c_qx_,enrolled,Indian
Indian_m.0j43qzd/m.0j43qzd_0002.jpg/m.0j43qzd_0002.jpg,m.0j43qzd_0002,m.0j43qzd_,enrolled,Indian
Indian_m.0j43qzd/m.0j43qzd_0003.jpg/m.0j43qzd_0003.jpg,m.0j43qzd_0003,m.0j43qzd_,enrolled,Indian
Indian_m.0j4cxr2/m.0j4cxr2_0003.jpg/m.0j4cxr2_0003.jpg,m.0j4cxr2_0003,m.0j4cxr2_,enrolled,Indian
Indian_m.0j4cxr2/m.0j4cxr2_0004.jpg/m.0j4cxr2_0004.jpg,m.0j4cxr2_0004,m.0j4cxr2_,enrolled,Indian
Indian_m.0j7lzw5/m.0j7lzw5_0001.jpg/m.0j7lzw5_0001.jpg,m.0j7lzw5_0001,m.0j7lzw5_,enrolled,Indian
Indian_m.0j7lzw5/m.0j7lzw5_0002.jpg/m.0j7lzw5_0002.jpg,m.0j7lzw5_0002,m.0j7lzw5_,enrolled,Indian
Indian_m.0jszt9/m.0jszt9_0001.jpg/m.0jszt9_0001.jpg,m.0jszt9_0001,m.0jszt9_,enrolled,Indian
Indian_m.0jszt9/m.0jszt9_0006.jpg/m.0jszt9_0006.jpg,m.0jszt9_0006,m.0jszt9_,enrolled,Indian
Indian_m.0j_36qg/m.0j_36qg_0002.jpg/m.0j_36qg_0002.jpg,m.0j_36qg_0002,m.0j_36qg_,enrolled,Indian
Indian_m.0j_36qg/m.0j_36qg_0004.jpg/m.0j_36qg_0004.jpg,m.0j_36qg_0004,m.0j_36qg_,enrolled,Indian
Indian_m.0k3bcq/m.0k3bcq_0002.jpg/m.0k3bcq_0002.jpg,m.0k3bcq_0002,m.0k3bcq_,enrolled,Indian
Indian_m.0k3bcq/m.0k3bcq_0003.jpg/m.0k3bcq_0003.jpg,m.0k3bcq_0003,m.0k3bcq_,enrolled,Indian
Indian_m.0n52p_l/m.0n52p_l_0003.jpg/m.0n52p_l_0003.jpg,m.0n52p_l_0003,m.0n52p_l_,enrolled,Indian
Indian_m.0n52p_l/m.0n52p_l_0004.jpg/m.0n52p_l_0004.jpg,m.0n52p_l_0004,m.0n52p_l_,enrolled,Indian
Indian_m.0n9mlyj/m.0n9mlyj_0003.jpg/m.0n9mlyj_0003.jpg,m.0n9mlyj_0003,m.0n9mlyj_,enrolled,Indian
Indian_m.0n9mlyj/m.0n9mlyj_0004.jpg/m.0n9mlyj_0004.jpg,m.0n9mlyj_0004,m.0n9mlyj_,enrolled,Indian
Indian_m.0nhj8xl/m.0nhj8xl_0003.jpg/m.0nhj8xl_0003.jpg,m.0nhj8xl_0003,m.0nhj8xl_,enrolled,Indian
Indian_m.0nhj8xl/m.0nhj8xl_0004.jpg/m.0nhj8xl_0004.jpg,m.0nhj8xl_0004,m.0nhj8xl_,enrolled,Indian
Indian_m.0q2y9_v/m.0q2y9_v_0002.jpg/m.0q2y9_v_0002.jpg,m.0q2y9_v_0002,m.0q2y9_v_,enrolled,Indian
Indian_m.0q2y9_v/m.0q2y9_v_0003.jpg/m.0q2y9_v_0003.jpg,m.0q2y9_v_0003,m.0q2y9_v_,enrolled,Indian
Indian_m.0tj9/m.0tj9_0002.jpg/m.0tj9_0002.jpg,m.0tj9_0002,m.0tj9_,enrolled,Indian
Indian_m.0tj9/m.0tj9_0005.jpg/m.0tj9_0005.jpg,m.0tj9_0005,m.0tj9_,enrolled,Indian
